26/07/2022,11:20,25.7,21,17.4
26/07/2022,11:21,25.5,21,17.5
26/07/2022,11:21,25.2,21,17.5
26/07/2022,11:22,24.7,21,17.2
26/07/2022,11:22,24.2,21,17.2
26/07/2022,11:23,23.9,21,17.2
26/07/2022,11:23,23.5,21,17.3
26/07/2022,11:24,23.3,21,17.5
26/07/2022,11:24,23.1,21,17.6
26/07/2022,11:25,23.3,21,18
26/07/2022,11:25,23.7,21,18.2
26/07/2022,11:26,23.5,21,18.2
26/07/2022,11:26,23.1,21,18.5
26/07/2022,11:27,22.8,21,18.6
26/07/2022,11:27,22.5,21,18.7
26/07/2022,11:28,21.8,21,18.8
26/07/2022,11:28,21.5,21,18.8
26/07/2022,11:29,21.2,21,18.8
26/07/2022,11:29,21,21,18.8
26/07/2022,11:30,21.2,21,18.8
26/07/2022,11:30,20.9,21,18.8
26/07/2022,11:31,21.2,21,18.8
26/07/2022,11:31,21.4,21,18.6
26/07/2022,11:32,21.3,21,18.6
26/07/2022,11:32,21.4,21,18.5
26/07/2022,11:33,21.2,21,18.5
26/07/2022,11:33,21,21,18.4
26/07/2022,11:34,20.8,21,18.7
26/07/2022,11:34,20.9,21,18.9
26/07/2022,11:35,20.6,21,18.9
26/07/2022,11:35,20.6,21,18.9
26/07/2022,11:36,20.6,21,18.8
26/07/2022,11:36,20.6,21,18.8
26/07/2022,11:37,20.6,21,18.9
26/07/2022,11:37,20.6,21,18.8
26/07/2022,11:38,20.8,21,18.8
26/07/2022,11:38,20.9,21,18.7
26/07/2022,11:39,20.9,21,18.6
26/07/2022,11:39,21.2,21,18.6
26/07/2022,11:40,21.3,21,18.4
26/07/2022,11:40,21.2,21,18.5
26/07/2022,11:41,21.2,21,18.6
26/07/2022,11:41,20.9,21,18.7
26/07/2022,11:42,20.4,21,18.8
26/07/2022,11:42,20.4,21,18.8
26/07/2022,11:43,20.2,21,18.8
26/07/2022,11:43,20.4,21,18.9
26/07/2022,11:44,20.3,21,19
26/07/2022,11:44,20.5,21,18.9
26/07/2022,11:45,20.6,21,18.9
26/07/2022,11:45,20.7,21,18.8
26/07/2022,11:46,20.7,21,18.7
26/07/2022,11:46,20.6,21,18.8
26/07/2022,11:47,20.7,21,18.7
26/07/2022,11:47,20.9,21,18.6
26/07/2022,11:48,21,21,18.6
26/07/2022,11:48,21.1,21,18.6
26/07/2022,11:49,21.1,21,18.6
26/07/2022,11:49,21.1,21,18.7
26/07/2022,11:50,21.1,21,18.8
26/07/2022,11:50,20.7,21,18.9
26/07/2022,11:51,20.8,21,18.8
26/07/2022,11:51,20.9,21,18.8
26/07/2022,11:52,20.7,21,18.8
26/07/2022,11:52,20.7,21,18.7
26/07/2022,11:53,20.7,21,18.7
26/07/2022,11:53,20.5,21,18.9
26/07/2022,11:54,20.4,21,19.1
26/07/2022,11:54,20.6,21,19.2
26/07/2022,11:55,20.6,21,19.2
26/07/2022,11:55,20.7,21,19.2
26/07/2022,11:56,20.8,21,19.2
26/07/2022,11:56,21,21,19.2
26/07/2022,11:57,21,21,19.1
26/07/2022,11:57,21.1,21,19.1
26/07/2022,11:58,21.1,21,19.1
26/07/2022,11:58,21.1,21,19.2
26/07/2022,11:59,21.2,21,18.8
26/07/2022,11:59,21.3,21,18.7
26/07/2022,12:00,21.3,21,18.6
26/07/2022,12:00,21.2,21,18.7
26/07/2022,12:01,21.1,21,18.7
26/07/2022,12:01,21,21,18.8
26/07/2022,12:02,20.8,21,18.8
26/07/2022,12:02,20.6,21,18.8
26/07/2022,12:03,20.6,21,18.9
26/07/2022,12:03,20.4,21,18.9
26/07/2022,12:04,20.5,21,19.1
26/07/2022,12:04,20.5,21,19.1
26/07/2022,12:05,20.6,21,19.2
26/07/2022,12:05,20.8,21,19.3
26/07/2022,12:06,21,21,19.3
26/07/2022,12:06,21.1,21,19.5
26/07/2022,12:07,21.3,21,18.9
26/07/2022,12:07,21.4,21,18.9
26/07/2022,12:08,21.5,21,19
26/07/2022,12:08,21,21,19.1
26/07/2022,12:09,20.9,21,19.2
26/07/2022,12:09,20.8,21,19.2
26/07/2022,12:10,20.5,21,19.2
26/07/2022,12:10,20.3,21,19.3
26/07/2022,12:11,20.1,21,19.5
26/07/2022,12:11,20.3,21,19.5
26/07/2022,12:12,20.5,21,19.6
26/07/2022,12:12,20.5,21,19.6
26/07/2022,12:13,20.8,21,19.5
26/07/2022,12:13,20.7,21,19.5
26/07/2022,12:14,20.6,21,19.5
26/07/2022,12:14,20.7,21,19.5
26/07/2022,12:15,20.8,21,19.5
26/07/2022,12:15,20.7,21,19.5
26/07/2022,12:16,20.8,21,19.5
26/07/2022,12:16,20.6,21,19.4
26/07/2022,12:17,20.8,21,19.4
26/07/2022,12:17,20.8,21,19.5
26/07/2022,12:18,20.9,21,19.5
26/07/2022,12:18,20.9,21,19.5
26/07/2022,12:19,20.7,21,19.6
26/07/2022,12:19,20.7,21,19.5
26/07/2022,12:20,20.6,21,19.5
26/07/2022,12:20,20.7,21,19.6
26/07/2022,12:21,20.8,21,19.6
26/07/2022,12:21,20.8,21,19.6
26/07/2022,12:22,20.7,21,19.5
26/07/2022,12:22,20.7,21,19.5
26/07/2022,12:23,20.7,21,19.4
26/07/2022,12:23,20.8,21,19.5
26/07/2022,12:24,20.8,21,19.6
26/07/2022,12:24,20.7,21,19.5
26/07/2022,12:25,20.6,21,19.5
26/07/2022,12:25,20.6,21,19.5
26/07/2022,12:26,20.6,21,19.4
26/07/2022,12:26,20.7,21,19.4
26/07/2022,12:27,20.7,21,19.5
26/07/2022,12:27,20.7,21,19.5
26/07/2022,12:28,20.7,21,19.5
26/07/2022,12:28,20.6,21,19.5
26/07/2022,12:29,20.6,21,19.4
26/07/2022,12:29,20.7,21,19.4
26/07/2022,12:30,20.7,21,19.5
26/07/2022,12:30,20.6,21,19.4
26/07/2022,12:31,20.7,21,19.5
26/07/2022,12:31,20.7,21,19.5
26/07/2022,12:32,20.7,21,19.5
26/07/2022,12:32,20.7,21,19.5
26/07/2022,12:33,20.8,21,19.5
26/07/2022,12:33,20.7,21,19.4
26/07/2022,12:34,20.7,21,19.6
26/07/2022,12:34,20.7,21,19.5
26/07/2022,12:35,20.8,21,19.5
26/07/2022,12:35,20.8,21,19.5
26/07/2022,12:36,20.7,21,19.5
26/07/2022,12:36,20.6,21,19.4
26/07/2022,12:37,20.7,21,19.5
26/07/2022,12:37,20.7,21,19.5
26/07/2022,12:38,20.7,21,19.5
26/07/2022,12:38,20.5,21,19.5
26/07/2022,12:39,20.5,21,19.5
26/07/2022,12:40,20.5,21,19.5
26/07/2022,12:40,20.6,21,19.4
26/07/2022,12:41,20.6,21,19.5
26/07/2022,12:41,20.6,21,19.5
26/07/2022,12:42,20.6,21,19.5
26/07/2022,12:42,20.6,21,19.5
26/07/2022,12:43,20.6,21,19.4
26/07/2022,12:43,20.6,21,19.4
26/07/2022,12:44,20.6,21,19.4
26/07/2022,12:44,20.5,21,19.4
26/07/2022,12:45,20.4,21,19.4
26/07/2022,12:45,20.4,21,19.3
26/07/2022,12:46,20.6,21,19.4
26/07/2022,12:46,20.6,21,19.4
26/07/2022,12:47,20.5,21,19.4
26/07/2022,12:47,20.4,21,19.4
26/07/2022,12:48,20.4,21,19.4
26/07/2022,12:48,20.4,21,19.4
26/07/2022,12:49,20.4,21,19.4
26/07/2022,12:49,20.4,21,19.5
26/07/2022,12:50,20.6,21,19.6
26/07/2022,12:50,20.8,21,19.5
26/07/2022,12:51,20.7,21,19.5
26/07/2022,12:51,20.7,21,19.5
26/07/2022,12:52,20.7,21,19.5
26/07/2022,12:52,20.6,21,19.5
26/07/2022,12:53,20.6,21,19.5
26/07/2022,12:53,20.6,21,19.5
26/07/2022,12:54,20.6,21,19.5
26/07/2022,12:54,20.6,21,19.5
26/07/2022,12:55,20.6,21,19.5
26/07/2022,12:55,20.7,21,19.5
26/07/2022,12:56,20.7,21,19.4
26/07/2022,12:56,20.8,21,19.5
26/07/2022,12:57,20.8,21,19.5
26/07/2022,12:57,20.6,21,19.4
26/07/2022,12:58,20.6,21,19.4
26/07/2022,12:58,20.6,21,19.5
26/07/2022,12:59,20.6,21,19.5
26/07/2022,12:59,20.5,21,19.5
26/07/2022,13:00,20.5,21,19.5
26/07/2022,13:00,20.4,21,19.5
26/07/2022,13:01,20.6,21,19.5
26/07/2022,13:01,20.6,21,19.4
26/07/2022,13:02,20.7,21,19.5
26/07/2022,13:02,20.6,21,19.5
26/07/2022,13:03,20.7,21,19.4
26/07/2022,13:03,20.7,21,19.5
26/07/2022,13:04,20.8,21,19.4
26/07/2022,13:04,20.8,21,19.4
26/07/2022,13:05,20.8,21,19.4
26/07/2022,13:05,20.9,21,19.4
26/07/2022,13:06,21,21,19.5
26/07/2022,13:06,21.1,21,19.4
26/07/2022,13:07,20.9,21,19.5
26/07/2022,13:07,20.8,21,19.4
26/07/2022,13:08,20.7,21,19.5
26/07/2022,13:08,20.9,21,19.5
26/07/2022,13:09,20.8,21,19.5
26/07/2022,13:09,20.8,21,19.5
26/07/2022,13:10,21,21,19.5
26/07/2022,13:10,21,21,19.5
26/07/2022,13:11,21,21,19.5
26/07/2022,13:11,20.9,21,19.4
26/07/2022,13:12,20.9,21,19.5
26/07/2022,13:12,20.9,21,19.5
26/07/2022,13:13,20.9,21,19.5
26/07/2022,13:13,20.7,21,19.5
26/07/2022,13:14,20.6,21,19.6
26/07/2022,13:14,20.5,21,19.6
26/07/2022,13:15,20.5,21,19.5
26/07/2022,13:15,20.7,21,19.5
26/07/2022,13:16,20.7,21,19.6
26/07/2022,13:16,20.7,21,19.6
26/07/2022,13:17,20.7,21,19.6
26/07/2022,13:17,20.9,21,19.6
26/07/2022,13:18,20.9,21,19.6
26/07/2022,13:18,20.9,21,19.6
26/07/2022,13:19,20.9,21,19.6
26/07/2022,13:19,20.8,21,19.6
26/07/2022,13:20,20.8,21,19.6
26/07/2022,13:20,20.7,21,19.5
26/07/2022,13:21,20.8,21,19.5
26/07/2022,13:21,20.9,21,19.5
26/07/2022,13:22,20.9,21,19.5
26/07/2022,13:22,20.8,21,19.5
26/07/2022,13:23,20.7,21,19.5
26/07/2022,13:23,20.8,21,19.5
26/07/2022,13:24,20.8,21,19.5
26/07/2022,13:24,20.8,21,19.5
26/07/2022,13:25,20.7,21,19.5
26/07/2022,13:25,20.6,21,19.5
26/07/2022,13:26,20.7,21,19.4
26/07/2022,13:26,20.7,21,19.4
26/07/2022,13:27,20.6,21,19.5
26/07/2022,13:27,20.7,21,19.4
26/07/2022,13:28,20.8,21,19.4
26/07/2022,13:28,20.9,21,19.4
26/07/2022,13:29,21,21,19.4
26/07/2022,13:29,21.1,21,19.4
26/07/2022,13:30,21,21,19.5
26/07/2022,13:30,20.9,21,19
26/07/2022,13:31,20.9,21,18.9
26/07/2022,13:31,20.7,21,18.9
26/07/2022,13:32,20.6,21,19
26/07/2022,13:32,20.3,21,18.9
26/07/2022,13:33,19.8,21,19
26/07/2022,13:33,19.7,21,19
26/07/2022,13:34,19.5,21,19.1
26/07/2022,13:34,19.4,21,19.1
26/07/2022,13:35,19.5,21,19.2
26/07/2022,13:35,19.7,21,19.3
26/07/2022,13:36,19.9,21,19.4
26/07/2022,13:36,20.1,21,19.3
26/07/2022,13:37,20.3,21,19.2
26/07/2022,13:37,20.3,21,18.9
26/07/2022,13:38,20.7,21,18.5
26/07/2022,13:38,21.1,21,18.2
26/07/2022,13:39,21.5,21,18
26/07/2022,13:39,22,21,17.9
26/07/2022,13:40,22.4,21,17.9
26/07/2022,13:40,22.4,21,17.9
26/07/2022,13:41,22.5,21,17.8
26/07/2022,13:41,22.3,21,17.5
26/07/2022,13:42,22.2,21,17.5
26/07/2022,13:42,22,21,17.5
26/07/2022,13:43,21.8,21,17.6
26/07/2022,13:43,21.7,21,17.8
26/07/2022,13:44,21.7,21,17.9
26/07/2022,13:44,21.6,21,18.2
26/07/2022,13:45,21.4,21,18.6
26/07/2022,13:45,20.9,21,18.9
26/07/2022,13:46,20.4,21,19.1
26/07/2022,13:46,19.9,21,19.1
26/07/2022,13:47,19.8,21,19.1
26/07/2022,13:47,19.6,21,19
26/07/2022,13:48,19.4,21,19.2
26/07/2022,13:48,19.5,21,19.4
26/07/2022,13:49,19.6,21,19.4
26/07/2022,13:49,19.8,21,19.4
26/07/2022,13:50,20.1,21,19.3
26/07/2022,13:50,20.2,21,19
26/07/2022,13:51,20.4,21,18.8
26/07/2022,13:51,20.7,21,18.4
26/07/2022,13:52,20.8,21,18.1
26/07/2022,13:52,21.3,21,18
26/07/2022,13:53,21.8,21,17.8
26/07/2022,13:53,22.2,21,18
26/07/2022,13:54,22.6,21,18
26/07/2022,13:54,22.7,21,18
26/07/2022,13:55,22.8,21,17.8
26/07/2022,13:55,22.6,21,17.8
26/07/2022,13:56,22.4,21,17.8
26/07/2022,13:56,22,21,17.9
26/07/2022,13:57,21.8,21,18.2
26/07/2022,13:57,21.7,21,18.2
26/07/2022,13:58,21.6,21,18.4
26/07/2022,13:58,21.4,21,18.5
26/07/2022,13:59,21.2,21,18.6
26/07/2022,13:59,20.8,21,18.8
26/07/2022,14:00,20.5,21,18.9
26/07/2022,14:00,20.2,21,19.1
26/07/2022,14:01,19.8,21,19.1
26/07/2022,14:01,19.8,21,19.2
26/07/2022,14:02,20,21,19.2
26/07/2022,14:02,20.2,21,19.3
26/07/2022,14:03,20.4,21,19.3
26/07/2022,14:03,20.6,21,19.3
26/07/2022,14:04,20.7,21,19.3
26/07/2022,14:04,20.7,21,19.3
26/07/2022,14:05,20.7,21,19.4
26/07/2022,14:05,20.7,21,19.4
26/07/2022,14:06,20.8,21,19.4
26/07/2022,14:06,20.8,21,19.4
26/07/2022,14:07,20.9,21,19.5
26/07/2022,14:07,21,21,19.4
26/07/2022,14:08,21,21,19.5
26/07/2022,14:08,20.9,21,19.5
26/07/2022,14:09,21,21,19.5
26/07/2022,14:09,20.9,21,19.5
26/07/2022,14:10,20.9,21,19.5
26/07/2022,14:10,21,21,19.5
26/07/2022,14:11,21,21,19.5
26/07/2022,14:11,21,21,19.6
26/07/2022,14:12,20.9,21,19.6
26/07/2022,14:12,20.8,21,19.6
26/07/2022,14:13,20.7,21,19.5
26/07/2022,14:13,20.7,21,19.5
26/07/2022,14:14,20.7,21,19.5
26/07/2022,14:14,20.8,21,19.5
26/07/2022,14:15,20.9,21,19.5
26/07/2022,14:15,20.9,21,19.5
26/07/2022,14:16,20.8,21,19.5
26/07/2022,14:16,20.7,21,19.5
26/07/2022,14:17,20.7,21,19.5
26/07/2022,14:17,20.7,21,19.5
26/07/2022,14:18,20.6,21,19.5
26/07/2022,14:18,20.8,21,19.5
26/07/2022,14:19,20.8,21,19.5
26/07/2022,14:19,20.9,21,19.5
26/07/2022,14:20,20.8,21,19.5
26/07/2022,14:20,20.7,21,19.5
26/07/2022,14:21,20.6,21,19.4
26/07/2022,14:21,20.6,21,19.4
26/07/2022,14:22,20.6,21,19.5
26/07/2022,14:22,20.7,21,19.4
26/07/2022,14:23,20.7,21,19.5
26/07/2022,14:23,20.7,21,19.3
26/07/2022,14:24,20.7,21,19.3
26/07/2022,14:24,20.6,21,19.4
26/07/2022,14:25,20.5,21,19.3
26/07/2022,14:25,20.4,21,19.3
26/07/2022,14:26,20.4,21,19.3
26/07/2022,14:26,20.4,21,19.3
26/07/2022,14:27,20.5,21,19.3
26/07/2022,14:27,20.4,21,19.2
26/07/2022,14:28,20.4,21,19.2
26/07/2022,14:28,20.3,21,19.2
26/07/2022,14:29,20.4,21,19.2
26/07/2022,14:29,20.3,21,19.2
26/07/2022,14:30,20.2,21,19.2
26/07/2022,14:30,20.4,21,19.2
26/07/2022,14:31,20.6,21,19.2
26/07/2022,14:31,20.7,21,19.2
26/07/2022,14:32,20.5,21,19.2
26/07/2022,14:32,20.5,21,19.2
26/07/2022,14:33,20.3,21,19.2
26/07/2022,14:33,20.3,21,19.3
26/07/2022,14:34,20.4,21,19.2
26/07/2022,14:34,20.4,21,19.2
26/07/2022,14:35,20.5,21,19.2
26/07/2022,14:35,20.6,21,19.2
26/07/2022,14:36,20.7,21,19.2
26/07/2022,14:36,20.7,21,19.3
26/07/2022,14:37,20.6,21,19.2
26/07/2022,14:37,20.6,21,19.2
26/07/2022,14:38,20.6,21,19.3
26/07/2022,14:38,20.5,21,19.3
26/07/2022,14:39,20.4,21,19.3
26/07/2022,14:39,20.3,21,19.3
26/07/2022,14:40,20.2,21,19.3
26/07/2022,14:40,20.3,21,19.3
26/07/2022,14:41,20.3,21,19.3
26/07/2022,14:41,20.3,21,19.2
26/07/2022,14:42,20.3,21,19.2
26/07/2022,14:42,20.3,21,19.2
26/07/2022,14:43,20.2,21,19.2
26/07/2022,14:43,20.1,21,19.2
26/07/2022,14:44,20.2,21,19.1
26/07/2022,14:44,20.1,21,19.1
26/07/2022,14:45,20,21,19.1
26/07/2022,14:45,20.2,21,19.1
26/07/2022,14:46,20.2,21,19
26/07/2022,14:46,20.2,21,19.1
26/07/2022,14:47,20.2,21,19
26/07/2022,14:47,20.3,21,19.1
26/07/2022,14:48,20.3,21,19
26/07/2022,14:48,20.4,21,19.1
26/07/2022,14:49,20.4,21,19
26/07/2022,14:49,20.3,21,19
26/07/2022,14:50,20.2,21,19
26/07/2022,14:50,20.1,21,19
26/07/2022,14:51,20,21,19
26/07/2022,14:51,20,21,19
26/07/2022,14:52,20.1,21,19
26/07/2022,14:52,20.2,21,18.9
26/07/2022,14:53,20.2,21,19
26/07/2022,14:53,20.1,21,18.9
26/07/2022,14:54,20.3,21,18.9
26/07/2022,14:54,20.2,21,18.9
26/07/2022,14:55,20.2,21,18.9
26/07/2022,14:55,20.2,21,18.9
26/07/2022,14:56,20.2,21,18.9
26/07/2022,14:56,20.1,21,18.9
26/07/2022,14:57,20.1,21,18.9
26/07/2022,14:57,20.1,21,18.9
26/07/2022,14:58,19.9,21,18.9
26/07/2022,14:58,20,21,18.9
26/07/2022,14:59,20,21,18.8
26/07/2022,14:59,20,21,18.8
26/07/2022,15:00,20.1,21,18.8
26/07/2022,15:00,20,21,18.8
26/07/2022,15:01,20.1,21,18.9
26/07/2022,15:01,20.1,21,18.9
26/07/2022,15:02,20.2,21,18.9
26/07/2022,15:02,20.3,21,18.9
26/07/2022,15:03,20.2,21,18.8
26/07/2022,15:03,20.3,21,18.8
26/07/2022,15:04,20.3,21,18.9
26/07/2022,15:04,20.3,21,18.9
26/07/2022,15:05,20.4,21,18.9
26/07/2022,15:05,20.3,21,19
26/07/2022,15:06,20.3,21,18.9
26/07/2022,15:06,20.3,21,19
26/07/2022,15:07,20.3,21,18.9
26/07/2022,15:07,20.2,21,18.9
26/07/2022,15:08,20.3,21,18.9
26/07/2022,15:08,20.2,21,18.9
26/07/2022,15:09,20.2,21,19
26/07/2022,15:09,20.1,21,18.9
26/07/2022,15:10,20.1,21,18.9
26/07/2022,15:10,20.1,21,18.9
26/07/2022,15:11,20.3,21,18.9
26/07/2022,15:11,20.1,21,18.8
26/07/2022,15:12,20.2,21,18.9
26/07/2022,15:12,20.1,21,18.9
26/07/2022,15:13,20.1,21,18.9
26/07/2022,15:13,20,21,18.8
26/07/2022,15:14,20,21,18.8
26/07/2022,15:14,20,21,18.8
26/07/2022,15:15,20.1,21,18.8
26/07/2022,15:15,20,21,18.8
26/07/2022,15:16,20.1,21,18.8
26/07/2022,15:16,20.1,21,18.8
26/07/2022,15:17,20.2,21,18.8
26/07/2022,15:17,20.2,21,18.8
26/07/2022,15:18,20.2,21,18.7
26/07/2022,15:18,20.2,21,18.8
26/07/2022,15:19,20.2,21,18.8
26/07/2022,15:19,20.3,21,18.8
26/07/2022,15:20,20.2,21,18.7
26/07/2022,15:20,20.2,21,18.8
26/07/2022,15:21,20.1,21,18.8
26/07/2022,15:21,20.1,21,18.8
26/07/2022,15:22,20.1,21,18.8
26/07/2022,15:22,20.2,21,18.8
26/07/2022,15:23,20.2,21,18.8
26/07/2022,15:23,20.2,21,18.8
26/07/2022,15:24,20.1,21,18.8
26/07/2022,15:24,20,21,18.8
26/07/2022,15:25,20,21,18.8
26/07/2022,15:25,19.9,21,18.8
26/07/2022,15:26,19.9,21,18.8
26/07/2022,15:26,19.9,21,18.8
26/07/2022,15:27,20,21,18.8
26/07/2022,15:27,19.9,21,18.8
26/07/2022,15:28,19.8,21,18.8
26/07/2022,15:28,19.8,21,18.8
26/07/2022,15:29,19.8,21,18.8
26/07/2022,15:29,19.7,21,18.8
26/07/2022,15:30,19.8,21,18.8
26/07/2022,15:30,19.8,21,18.8
26/07/2022,15:31,19.7,21,18.8
26/07/2022,15:31,19.6,21,18.8
26/07/2022,15:32,19.6,21,18.8
26/07/2022,15:32,19.5,21,18.8
26/07/2022,15:33,19.5,21,18.6
26/07/2022,15:33,19.5,21,18.2
26/07/2022,15:34,19.9,21,17.7
26/07/2022,15:34,20.3,21,17.4
26/07/2022,15:35,20.5,21,17.3
26/07/2022,15:35,20.6,21,17.2
26/07/2022,15:36,20.6,21,17.3
26/07/2022,15:36,20.8,21,17.3
26/07/2022,15:37,20.9,21,17.3
26/07/2022,15:37,21,21,17.5
26/07/2022,15:38,21.1,21,17.6
26/07/2022,15:38,21.2,21,17.8
26/07/2022,15:39,21.3,21,17.7
26/07/2022,15:39,21.1,21,17.7
26/07/2022,15:40,20.9,21,17.6
26/07/2022,15:40,21.2,21,17.7
26/07/2022,15:41,21.1,21,17.7
26/07/2022,15:41,21.1,21,17.7
26/07/2022,15:42,21.2,21,17.7
26/07/2022,15:42,21.1,21,17.8
26/07/2022,15:43,20.9,21,17.8
26/07/2022,15:43,20.9,21,17.8
26/07/2022,15:44,20.8,21,17.7
26/07/2022,15:44,21.1,21,17.7
26/07/2022,15:45,21.1,21,17.6
26/07/2022,15:45,21.5,21,17.8
26/07/2022,15:46,21.4,21,17.9
26/07/2022,15:46,21,21,17.8
26/07/2022,15:47,20.6,21,17.8
26/07/2022,15:47,20.3,21,17.9
26/07/2022,15:48,20.2,21,18
26/07/2022,15:48,19.8,21,18
26/07/2022,15:49,19.7,21,18.2
26/07/2022,15:49,19.7,21,18.1
26/07/2022,15:50,19.6,21,18
26/07/2022,15:50,19.9,21,17.8
26/07/2022,15:51,20.1,21,17.2
26/07/2022,15:51,20.4,21,16.9
26/07/2022,15:52,21.1,21,16.9
26/07/2022,15:52,21.2,21,17.1
26/07/2022,15:53,21.1,21,17.6
26/07/2022,15:53,21.2,21,17.6
26/07/2022,15:54,21.1,21,17.8
26/07/2022,15:54,21.1,21,17.8
26/07/2022,15:55,21.3,21,17.9
26/07/2022,15:55,21.1,21,17.8
26/07/2022,15:56,20.7,21,17.6
26/07/2022,15:56,20.1,21,17.7
26/07/2022,15:57,19.8,21,17.8
26/07/2022,15:57,19.7,21,17.9
26/07/2022,15:58,19.7,21,18
26/07/2022,15:58,19.5,21,18.1
26/07/2022,15:59,19.5,21,18.1
26/07/2022,15:59,19.7,21,17.8
26/07/2022,16:00,20,21,17.7
26/07/2022,16:00,20.5,21,17.5
26/07/2022,16:01,20.6,21,17.3
26/07/2022,16:01,20.4,21,17.4
26/07/2022,16:02,21.1,21,17.6
26/07/2022,16:02,21,21,17.6
26/07/2022,16:03,20.9,21,17.6
26/07/2022,16:03,21.3,21,17.5
26/07/2022,16:04,20.9,21,17.8
26/07/2022,16:04,21,21,17.6
26/07/2022,16:05,21.1,21,17.6
26/07/2022,16:05,20.9,21,17.6
26/07/2022,16:06,20.7,21,17.5
26/07/2022,16:06,21.1,21,17.5
26/07/2022,16:07,21,21,17.7
26/07/2022,16:07,21,21,17.6
26/07/2022,16:08,20.4,21,17.6
26/07/2022,16:08,20.7,21,17.7
26/07/2022,16:09,20.9,21,17.8
26/07/2022,16:09,21.6,21,17.5
26/07/2022,16:10,20.6,21,17.7
26/07/2022,16:10,19.9,21,17.7
26/07/2022,16:11,19.8,21,17.6
26/07/2022,16:11,20.4,21,17.7
26/07/2022,16:12,20.7,21,17.8
26/07/2022,16:12,20.8,21,18
26/07/2022,16:13,20.8,21,17.9
26/07/2022,16:13,20.8,21,17.8
26/07/2022,16:14,20.9,21,17.6
26/07/2022,16:14,21.1,21,17.6
26/07/2022,16:15,21.4,21,17.7
26/07/2022,16:15,21.8,21,17.5
26/07/2022,16:16,22,21,17.5
26/07/2022,16:16,22.2,21,17.5
26/07/2022,16:17,22.1,21,17.5
26/07/2022,16:17,22,21,17.3
26/07/2022,16:18,21.8,21,17.2
26/07/2022,16:18,21.7,21,17.3
26/07/2022,16:19,21.5,21,17.4
26/07/2022,16:19,21.3,21,17.5
26/07/2022,16:20,21.1,21,17.7
26/07/2022,16:20,21,21,17.9
26/07/2022,16:21,20.8,21,18.1
26/07/2022,16:21,20.7,21,18
26/07/2022,16:22,20.6,21,17.5
26/07/2022,16:22,20.6,21,17.3
26/07/2022,16:23,20.9,21,16.9
26/07/2022,16:23,21.2,21,16.7
26/07/2022,16:24,21.5,21,16.7
26/07/2022,16:24,21.7,21,16.8
26/07/2022,16:25,21.8,21,17
26/07/2022,16:25,21.8,21,16.8
26/07/2022,16:26,21.7,21,16.6
26/07/2022,16:26,21.5,21,16.7
26/07/2022,16:27,21.4,21,16.7
26/07/2022,16:27,21.2,21,16.8
26/07/2022,16:28,21.1,21,16.9
26/07/2022,16:28,20.9,21,17.2
26/07/2022,16:29,20.8,21,17.4
26/07/2022,16:29,20.6,21,17.5
26/07/2022,16:30,20.5,21,17.5
26/07/2022,16:30,20.7,21,17.3
26/07/2022,16:31,21,21,16.8
26/07/2022,16:31,21.2,21,16.9
26/07/2022,16:32,21.6,21,16.9
26/07/2022,16:32,21.8,21,16.9
26/07/2022,16:33,21.8,21,16.8
26/07/2022,16:33,21.8,21,16.6
26/07/2022,16:34,21.7,21,16.6
26/07/2022,16:34,21.5,21,16.6
26/07/2022,16:35,21.2,21,16.8
26/07/2022,16:35,21,21,16.8
26/07/2022,16:36,20.9,21,17
26/07/2022,16:36,20.8,21,17.3
26/07/2022,16:37,20.5,21,17.1
26/07/2022,16:37,20.4,21,16.9
26/07/2022,16:38,20.5,21,17
26/07/2022,16:38,20.8,21,16.7
26/07/2022,16:39,21.3,21,16.4
26/07/2022,16:39,21.7,21,16.3
26/07/2022,16:40,21.8,21,16.8
26/07/2022,16:40,21.8,21,16.9
26/07/2022,16:41,21.7,21,16.7
26/07/2022,16:41,21.7,21,16.8
26/07/2022,16:42,21.4,21,16.8
26/07/2022,16:42,21.1,21,17
26/07/2022,16:43,20.9,21,17.1
26/07/2022,16:43,20.8,21,17.4
26/07/2022,16:44,20.6,21,17.3
26/07/2022,16:44,20.4,21,17.3
26/07/2022,16:45,20.5,21,17.2
26/07/2022,16:45,20.8,21,17
26/07/2022,16:46,21.2,21,17.1
26/07/2022,16:46,21.6,21,17.1
26/07/2022,16:47,21.8,21,16.9
26/07/2022,16:47,22,21,16.7
26/07/2022,16:48,22,21,16.6
26/07/2022,16:48,21.8,21,16.6
26/07/2022,16:49,21.6,21,16.7
26/07/2022,16:49,21.2,21,16.8
26/07/2022,16:50,21,21,17
26/07/2022,16:50,20.8,21,17.2
26/07/2022,16:51,20.7,21,17.3
26/07/2022,16:51,20.4,21,17.1
26/07/2022,16:52,20.4,21,16.9
26/07/2022,16:52,20.8,21,16.8
26/07/2022,16:53,21.1,21,16.5
26/07/2022,16:53,21.5,21,16.3
26/07/2022,16:54,21.8,21,16.5
26/07/2022,16:54,22,21,16.8
26/07/2022,16:55,21.9,21,16.8
26/07/2022,16:55,21.8,21,16.7
26/07/2022,16:56,21.6,21,16.7
26/07/2022,16:56,21.4,21,16.8
26/07/2022,16:57,21.1,21,16.9
26/07/2022,16:57,21,21,17
26/07/2022,16:58,20.7,21,17.3
26/07/2022,16:58,20.5,21,17.2
26/07/2022,16:59,20.4,21,17.1
26/07/2022,16:59,20.4,21,17.1
26/07/2022,17:00,20.6,21,17.1
26/07/2022,17:00,21.2,21,17
26/07/2022,17:01,21.5,21,17
26/07/2022,17:01,21.8,21,17.1
26/07/2022,17:02,22,21,17.1
26/07/2022,17:02,21.9,21,17
26/07/2022,17:03,21.7,21,16.9
26/07/2022,17:03,21.6,21,16.9
26/07/2022,17:04,21.4,21,16.9
26/07/2022,17:04,21.2,21,17.1
26/07/2022,17:05,20.9,21,17.3
26/07/2022,17:05,20.7,21,17.5
26/07/2022,17:06,20.5,21,17.5
26/07/2022,17:06,20.4,21,17.4
26/07/2022,17:07,20.5,21,17
26/07/2022,17:07,20.8,21,16.9
26/07/2022,17:08,21.2,21,16.8
26/07/2022,17:08,21.6,21,16.9
26/07/2022,17:09,22,21,17.2
26/07/2022,17:09,22,21,17.3
26/07/2022,17:10,21.9,21,17.1
26/07/2022,17:10,21.8,21,17.1
26/07/2022,17:11,21.6,21,17.1
26/07/2022,17:11,21.4,21,17.2
26/07/2022,17:12,21.1,21,17.2
26/07/2022,17:12,20.9,21,17.4
26/07/2022,17:13,20.7,21,17.7
26/07/2022,17:13,20.7,21,17.6
26/07/2022,17:14,20.6,21,17.5
26/07/2022,17:14,20.9,21,17.2
26/07/2022,17:15,21,21,17
26/07/2022,17:15,21.4,21,17
26/07/2022,17:16,21.7,21,17.1
26/07/2022,17:16,22,21,17.3
26/07/2022,17:17,22,21,17.3
26/07/2022,17:17,22,21,17.2
26/07/2022,17:18,21.8,21,17.1
26/07/2022,17:18,21.6,21,17.2
26/07/2022,17:19,21.3,21,17.2
26/07/2022,17:19,21.1,21,17.4
26/07/2022,17:20,20.8,21,17.6
26/07/2022,17:20,20.6,21,17.6
26/07/2022,17:21,20.6,21,17.6
26/07/2022,17:21,20.5,21,17.6
26/07/2022,17:22,20.8,21,17.4
26/07/2022,17:22,21.3,21,16.9
26/07/2022,17:23,21.8,21,16.6
26/07/2022,17:23,22.1,21,17.2
26/07/2022,17:24,22.3,21,17.2
26/07/2022,17:24,22.1,21,17.2
26/07/2022,17:25,22,21,17.1
26/07/2022,17:25,21.8,21,17.2
26/07/2022,17:26,21.6,21,17.2
26/07/2022,17:26,21.2,21,17.3
26/07/2022,17:27,21,21,17.5
26/07/2022,17:27,20.9,21,17.7
26/07/2022,17:28,20.6,21,17.7
26/07/2022,17:28,20.4,21,17.7
26/07/2022,17:29,20.5,21,17.6
26/07/2022,17:29,20.9,21,17.4
26/07/2022,17:30,21.4,21,17.3
26/07/2022,17:30,21.7,21,17.2
26/07/2022,17:31,21.9,21,17.1
26/07/2022,17:31,21.9,21,17
26/07/2022,17:32,21.7,21,16.9
26/07/2022,17:32,21.6,21,16.8
26/07/2022,17:33,21.4,21,16.7
26/07/2022,17:33,21.2,21,16.8
26/07/2022,17:34,21,21,16.9
26/07/2022,17:34,20.8,21,17.1
26/07/2022,17:35,20.7,21,17.2
26/07/2022,17:35,20.6,21,17.2
26/07/2022,17:36,20.4,21,17.1
26/07/2022,17:36,20.7,21,17
26/07/2022,17:37,21.1,21,16.8
26/07/2022,17:37,21.6,21,16.6
26/07/2022,17:38,21.8,21,16.6
26/07/2022,17:38,21.9,21,17
26/07/2022,17:39,21.8,21,16.9
26/07/2022,17:39,21.6,21,16.8
26/07/2022,17:40,21.3,21,16.8
26/07/2022,17:40,21.2,21,16.9
26/07/2022,17:41,20.9,21,17.1
26/07/2022,17:41,20.7,21,17.3
26/07/2022,17:42,20.6,21,17.3
26/07/2022,17:42,20.3,21,17.1
26/07/2022,17:43,20.4,21,17
26/07/2022,17:43,20.7,21,16.6
26/07/2022,17:44,21,21,16.6
26/07/2022,17:44,21.4,21,16.6
26/07/2022,17:45,21.5,21,16.8
26/07/2022,17:45,21.7,21,17
26/07/2022,17:46,21.7,21,16.8
26/07/2022,17:46,21.5,21,16.8
26/07/2022,17:47,21.4,21,16.9
26/07/2022,17:47,21,21,16.9
26/07/2022,17:48,21,21,17.1
26/07/2022,17:48,20.8,21,17.2
26/07/2022,17:49,20.7,21,17.1
26/07/2022,17:49,20.4,21,17
26/07/2022,17:50,20.3,21,17
26/07/2022,17:50,20.4,21,16.9
26/07/2022,17:51,20.9,21,16.7
26/07/2022,17:51,21.4,21,16.7
26/07/2022,17:52,21.7,21,16.8
26/07/2022,17:52,21.8,21,16.8
26/07/2022,17:53,21.8,21,16.9
26/07/2022,17:53,21.7,21,16.8
26/07/2022,17:54,21.4,21,16.7
26/07/2022,17:54,21.2,21,16.7
26/07/2022,17:55,21,21,17
26/07/2022,17:55,20.8,21,17.1
26/07/2022,17:56,20.6,21,17.1
26/07/2022,17:56,20.7,21,17.2
26/07/2022,17:57,20.8,21,17
26/07/2022,17:57,20.9,21,16.7
26/07/2022,17:58,21.2,21,16.2
26/07/2022,17:58,21.4,21,16.6
26/07/2022,17:59,21.7,21,16.8
26/07/2022,17:59,21.9,21,17
26/07/2022,18:00,21.8,21,16.8
26/07/2022,18:00,21.6,21,16.8
26/07/2022,18:01,21.3,21,16.8
26/07/2022,18:01,21.2,21,17
26/07/2022,18:02,20.9,21,17
26/07/2022,18:02,20.7,21,17.3
26/07/2022,18:03,20.5,21,17.2
26/07/2022,18:03,20.5,21,17
26/07/2022,18:04,20.8,21,16.7
26/07/2022,18:04,21,21,16.4
26/07/2022,18:05,21.2,21,16.2
26/07/2022,18:05,21.4,21,16
26/07/2022,18:06,21.5,21,16.5
26/07/2022,18:06,21.6,21,16.7
26/07/2022,18:07,21.5,21,16.5
26/07/2022,18:07,21.3,21,16.6
26/07/2022,18:08,21.1,21,16.6
26/07/2022,18:08,20.8,21,16.8
26/07/2022,18:09,20.7,21,17
26/07/2022,18:09,20.5,21,17
26/07/2022,18:10,20.3,21,17.1
26/07/2022,18:10,20.5,21,16.9
26/07/2022,18:11,20.8,21,16.6
26/07/2022,18:11,21.1,21,16.4
26/07/2022,18:12,21.6,21,16.5
26/07/2022,18:12,21.8,21,16.7
26/07/2022,18:13,21.9,21,16.8
26/07/2022,18:13,21.8,21,16.8
26/07/2022,18:14,21.5,21,16.6
26/07/2022,18:14,21.2,21,16.7
26/07/2022,18:15,21.1,21,16.7
26/07/2022,18:15,20.8,21,16.9
26/07/2022,18:16,20.6,21,17
26/07/2022,18:16,20.5,21,17
26/07/2022,18:17,20.4,21,16.8
26/07/2022,18:17,20.8,21,16.7
26/07/2022,18:18,21,21,16.6
26/07/2022,18:18,21.4,21,16.5
26/07/2022,18:19,21.6,21,16.6
26/07/2022,18:19,21.7,21,16.6
26/07/2022,18:20,21.9,21,16.5
26/07/2022,18:20,21.7,21,16.4
26/07/2022,18:21,21.4,21,16.4
26/07/2022,18:21,21.2,21,16.5
26/07/2022,18:22,21,21,16.6
26/07/2022,18:22,20.8,21,16.8
26/07/2022,18:23,20.6,21,16.9
26/07/2022,18:23,20.4,21,17
26/07/2022,18:24,20.3,21,16.9
26/07/2022,18:24,20.6,21,16.9
26/07/2022,18:25,21.3,21,16.6
26/07/2022,18:25,21.7,21,16.4
26/07/2022,18:26,21.8,21,16.7
26/07/2022,18:26,21.9,21,16.8
26/07/2022,18:27,21.9,21,16.8
26/07/2022,18:27,21.7,21,16.7
26/07/2022,18:28,21.4,21,16.7
26/07/2022,18:28,21.1,21,16.8
26/07/2022,18:29,20.9,21,16.9
26/07/2022,18:29,20.6,21,17.1
26/07/2022,18:30,20.4,21,17
26/07/2022,18:30,20.5,21,16.8
26/07/2022,18:31,20.8,21,16.5
26/07/2022,18:31,21.2,21,16.5
26/07/2022,18:32,21.4,21,16.3
26/07/2022,18:32,21.7,21,16.4
26/07/2022,18:33,21.9,21,16.5
26/07/2022,18:33,21.8,21,16.5
26/07/2022,18:34,21.7,21,16.3
26/07/2022,18:34,21.3,21,16.5
26/07/2022,18:35,21.1,21,16.5
26/07/2022,18:35,20.9,21,16.7
26/07/2022,18:36,20.8,21,16.9
26/07/2022,18:36,20.7,21,16.9
26/07/2022,18:37,20.5,21,16.9
26/07/2022,18:37,20.4,21,17
26/07/2022,18:38,20.6,21,16.8
26/07/2022,18:38,20.9,21,16.5
26/07/2022,18:39,21.2,21,16.4
26/07/2022,18:39,21.4,21,16.3
26/07/2022,18:40,21.5,21,16.4
26/07/2022,18:40,21.4,21,16.3
26/07/2022,18:41,21.2,21,16.2
26/07/2022,18:41,21,21,16.2
26/07/2022,18:42,20.8,21,16.5
26/07/2022,18:42,20.7,21,16.6
26/07/2022,18:43,20.5,21,16.8
26/07/2022,18:43,20.6,21,16.7
26/07/2022,18:44,20.6,21,16.8
26/07/2022,18:44,20.4,21,16.7
26/07/2022,18:45,20.5,21,16.7
26/07/2022,18:45,20.9,21,16.6
26/07/2022,18:46,21.4,21,16.6
26/07/2022,18:46,21.6,21,16.5
26/07/2022,18:47,21.6,21,16.8
26/07/2022,18:47,21.5,21,16.6
26/07/2022,18:48,21.2,21,16.6
26/07/2022,18:48,21,21,16.7
26/07/2022,18:49,20.7,21,16.8
26/07/2022,18:49,20.5,21,16.9
26/07/2022,18:50,20.3,21,17.1
26/07/2022,18:50,20.3,21,17
26/07/2022,18:51,20.4,21,16.8
26/07/2022,18:52,20.6,21,16.8
26/07/2022,18:52,20.8,21,16.5
26/07/2022,18:53,21,21,16.4
26/07/2022,18:53,21.1,21,16.3
26/07/2022,18:54,21.3,21,16.6
26/07/2022,18:54,21.6,21,16.6
26/07/2022,18:55,21.5,21,16.4
26/07/2022,18:55,21.2,21,16.4
26/07/2022,18:56,21.1,21,16.4
26/07/2022,18:56,20.8,21,16.6
26/07/2022,18:57,20.6,21,16.7
26/07/2022,18:57,20.5,21,16.9
26/07/2022,18:58,20.4,21,17
26/07/2022,18:58,20.5,21,17
26/07/2022,18:59,20.6,21,16.6
26/07/2022,18:59,20.8,21,16.6
26/07/2022,19:00,21.1,21,16.4
26/07/2022,19:00,21.3,21,16.2
26/07/2022,19:01,21.6,21,16.6
26/07/2022,19:01,21.6,21,16.7
26/07/2022,19:02,21.6,21,16.5
26/07/2022,19:02,21.3,21,16.5
26/07/2022,19:03,21,21,16.5
26/07/2022,19:03,20.8,21,16.7
26/07/2022,19:04,20.7,21,16.8
26/07/2022,19:04,20.5,21,17.1
26/07/2022,19:05,20.5,21,17.1
26/07/2022,19:05,20.7,21,17
26/07/2022,19:06,21,21,16.9
26/07/2022,19:06,21.3,21,16.9
26/07/2022,19:07,21.5,21,16.4
26/07/2022,19:07,21.7,21,16.5
26/07/2022,19:08,21.8,21,16.7
26/07/2022,19:08,21.7,21,16.6
26/07/2022,19:09,21.6,21,16.5
26/07/2022,19:09,21.4,21,16.6
26/07/2022,19:10,21,21,16.7
26/07/2022,19:10,20.8,21,16.8
26/07/2022,19:11,20.5,21,16.9
26/07/2022,19:11,20.4,21,17
26/07/2022,19:12,20.4,21,17
26/07/2022,19:12,20.5,21,17
26/07/2022,19:13,20.9,21,16.8
26/07/2022,19:13,21.2,21,16.6
26/07/2022,19:14,21.5,21,16.6
26/07/2022,19:14,21.6,21,16.7
26/07/2022,19:15,21.7,21,16.7
26/07/2022,19:15,21.6,21,16.5
26/07/2022,19:16,21.5,21,16.5
26/07/2022,19:16,21.2,21,16.6
26/07/2022,19:17,20.9,21,16.7
26/07/2022,19:17,20.7,21,16.9
26/07/2022,19:18,20.7,21,16.9
26/07/2022,19:18,20.7,21,17
26/07/2022,19:19,20.6,21,17
26/07/2022,19:19,20.7,21,16.8
26/07/2022,19:20,20.9,21,16.7
26/07/2022,19:20,21.2,21,16.2
26/07/2022,19:21,21.5,21,16.5
26/07/2022,19:21,21.7,21,16.7
26/07/2022,19:22,21.7,21,16.6
26/07/2022,19:22,21.4,21,16.5
26/07/2022,19:23,21.2,21,16.5
26/07/2022,19:23,20.9,21,16.6
26/07/2022,19:24,20.8,21,16.8
26/07/2022,19:24,20.7,21,16.8
26/07/2022,19:25,20.6,21,16.8
26/07/2022,19:25,20.6,21,16.9
26/07/2022,19:26,20.7,21,16.8
26/07/2022,19:26,20.8,21,16.7
26/07/2022,19:27,21.2,21,16.4
26/07/2022,19:27,21.6,21,16.5
26/07/2022,19:28,21.8,21,16.5
26/07/2022,19:28,21.8,21,16.5
26/07/2022,19:29,21.6,21,16.4
26/07/2022,19:29,21.3,21,16.4
26/07/2022,19:30,21,21,16.5
26/07/2022,19:30,20.8,21,16.6
26/07/2022,19:31,20.7,21,16.8
26/07/2022,19:31,20.6,21,16.9
26/07/2022,19:32,20.5,21,17
26/07/2022,19:32,20.4,21,16.8
26/07/2022,19:33,20.5,21,16.8
26/07/2022,19:33,21,21,16.4
26/07/2022,19:34,21.1,21,15.9
26/07/2022,19:34,21.3,21,16.1
26/07/2022,19:35,21.7,21,16.5
26/07/2022,19:35,21.5,21,16.5
26/07/2022,19:36,21.4,21,16.3
26/07/2022,19:36,21.2,21,16.3
26/07/2022,19:37,20.9,21,16.5
26/07/2022,19:37,20.7,21,16.7
26/07/2022,19:38,20.6,21,16.8
26/07/2022,19:38,20.5,21,16.8
26/07/2022,19:39,20.6,21,16.8
26/07/2022,19:39,20.6,21,16.7
26/07/2022,19:40,21,21,16.4
26/07/2022,19:40,21.3,21,15.9
26/07/2022,19:41,21.6,21,16.3
26/07/2022,19:41,21.8,21,16.4
26/07/2022,19:42,21.8,21,16.6
26/07/2022,19:42,21.6,21,16.4
26/07/2022,19:43,21.4,21,16.4
26/07/2022,19:43,21,21,16.4
26/07/2022,19:44,20.8,21,16.6
26/07/2022,19:44,20.7,21,16.7
26/07/2022,19:45,20.6,21,16.8
26/07/2022,19:45,20.6,21,17
26/07/2022,19:46,20.5,21,16.9
26/07/2022,19:46,20.7,21,16.7
26/07/2022,19:47,21,21,16.3
26/07/2022,19:47,21.2,21,16.1
26/07/2022,19:48,21.5,21,16.1
26/07/2022,19:48,21.3,21,16.5
26/07/2022,19:49,21.2,21,16.5
26/07/2022,19:49,21.1,21,16.4
26/07/2022,19:50,20.8,21,16.5
26/07/2022,19:50,20.8,21,16.6
26/07/2022,19:51,20.5,21,16.7
26/07/2022,19:51,20.3,21,17
26/07/2022,19:52,20.1,21,17.1
26/07/2022,19:52,20.1,21,17
26/07/2022,19:53,20.5,21,16.8
26/07/2022,19:53,20.8,21,16.4
26/07/2022,19:54,21.3,21,15.9
26/07/2022,19:54,21.6,21,16.4
26/07/2022,19:55,21.7,21,16.7
26/07/2022,19:55,21.7,21,16.5
26/07/2022,19:56,21.6,21,16.4
26/07/2022,19:56,21.3,21,16.3
26/07/2022,19:57,21,21,16.4
26/07/2022,19:57,20.8,21,16.6
26/07/2022,19:58,20.6,21,16.7
26/07/2022,19:58,20.4,21,16.8
26/07/2022,19:59,20.2,21,16.7
26/07/2022,19:59,20.2,21,16.6
26/07/2022,20:00,20.5,21,16.3
26/07/2022,20:00,21,21,15.5
26/07/2022,20:01,21.5,21,16.1
26/07/2022,20:01,21.8,21,16.4
26/07/2022,20:02,21.9,21,16.7
26/07/2022,20:02,21.7,21,16.6
26/07/2022,20:03,21.5,21,16.4
26/07/2022,20:03,21.2,21,16.4
26/07/2022,20:04,20.9,21,16.5
26/07/2022,20:04,20.7,21,16.7
26/07/2022,20:05,20.6,21,16.8
26/07/2022,20:05,20.5,21,16.7
26/07/2022,20:06,20.6,21,16.7
26/07/2022,20:06,20.6,21,16.4
26/07/2022,20:07,20.7,21,15.9
26/07/2022,20:07,20.9,21,15.7
26/07/2022,20:08,21.4,21,16.3
26/07/2022,20:08,21.7,21,16.4
26/07/2022,20:09,21.7,21,16.3
26/07/2022,20:09,21.6,21,16.1
26/07/2022,20:10,21.2,21,16.1
26/07/2022,20:10,21,21,16.2
26/07/2022,20:11,20.7,21,16.3
26/07/2022,20:11,20.6,21,16.6
26/07/2022,20:12,20.5,21,16.8
26/07/2022,20:12,20.5,21,16.8
26/07/2022,20:13,20.7,21,16.5
26/07/2022,20:13,20.8,21,16.1
26/07/2022,20:14,21.1,21,15.5
26/07/2022,20:14,21.4,21,15.7
26/07/2022,20:15,21.6,21,16.2
26/07/2022,20:15,21.8,21,16.5
26/07/2022,20:16,21.8,21,16.4
26/07/2022,20:16,21.6,21,16.3
26/07/2022,20:17,21.2,21,16.3
26/07/2022,20:17,20.9,21,16.4
26/07/2022,20:18,20.7,21,16.5
26/07/2022,20:18,20.6,21,16.8
26/07/2022,20:19,20.3,21,16.9
26/07/2022,20:19,20.2,21,17
26/07/2022,20:20,20.5,21,16.7
26/07/2022,20:20,20.9,21,16.6
26/07/2022,20:21,21.4,21,16.5
26/07/2022,20:21,21.7,21,16.2
26/07/2022,20:22,21.8,21,16.4
26/07/2022,20:22,21.7,21,16.5
26/07/2022,20:23,21.7,21,16.3
26/07/2022,20:23,21.4,21,16.4
26/07/2022,20:24,21.1,21,16.4
26/07/2022,20:24,20.8,21,16.6
26/07/2022,20:25,20.6,21,16.7
26/07/2022,20:25,20.4,21,16.8
26/07/2022,20:26,20.4,21,16.9
26/07/2022,20:26,20.5,21,16.7
26/07/2022,20:27,20.6,21,16.6
26/07/2022,20:27,21,21,16.2
26/07/2022,20:28,21.4,21,16.2
26/07/2022,20:28,21.7,21,15.9
26/07/2022,20:29,21.7,21,16.1
26/07/2022,20:29,21.6,21,16.1
26/07/2022,20:30,21.4,21,16
26/07/2022,20:30,21.1,21,16
26/07/2022,20:31,20.9,21,16.2
26/07/2022,20:31,20.7,21,16.4
26/07/2022,20:32,20.5,21,16.5
26/07/2022,20:32,20.4,21,16.4
26/07/2022,20:33,20.2,21,16.4
26/07/2022,20:33,20.5,21,16.3
26/07/2022,20:34,20.8,21,16.2
26/07/2022,20:34,21,21,15.7
26/07/2022,20:35,21.3,21,15.9
26/07/2022,20:35,21.5,21,16.2
26/07/2022,20:36,21.6,21,16.1
26/07/2022,20:36,21.6,21,15.9
26/07/2022,20:37,21.3,21,16
26/07/2022,20:37,21,21,16
26/07/2022,20:38,20.7,21,16.2
26/07/2022,20:38,20.4,21,16.5
26/07/2022,20:39,20.3,21,16.6
26/07/2022,20:39,20.3,21,16.6
26/07/2022,20:40,20.4,21,16.7
26/07/2022,20:40,20.8,21,16.7
26/07/2022,20:41,21.2,21,16.3
26/07/2022,20:41,21.4,21,16.1
26/07/2022,20:42,21.6,21,16.1
26/07/2022,20:42,21.6,21,15.8
26/07/2022,20:43,21.6,21,15.7
26/07/2022,20:43,21.4,21,15.6
26/07/2022,20:44,21.3,21,15.8
26/07/2022,20:44,21,21,16
26/07/2022,20:45,20.7,21,16.2
26/07/2022,20:45,20.5,21,16.4
26/07/2022,20:46,20.3,21,16.7
26/07/2022,20:46,20.3,21,16.8
26/07/2022,20:47,20.6,21,16.5
26/07/2022,20:47,20.9,21,16.2
26/07/2022,20:48,21.3,21,15.9
26/07/2022,20:48,21.8,21,16
26/07/2022,20:49,21.8,21,16.2
26/07/2022,20:49,21.9,21,16.3
26/07/2022,20:50,21.6,21,16.2
26/07/2022,20:50,21.3,21,16.2
26/07/2022,20:51,21.1,21,16.4
26/07/2022,20:51,20.8,21,16.5
26/07/2022,20:52,20.6,21,16.7
26/07/2022,20:52,20.5,21,16.8
26/07/2022,20:53,20.6,21,16.8
26/07/2022,20:53,20.5,21,16.7
26/07/2022,20:54,20.6,21,16.6
26/07/2022,20:54,20.8,21,16.2
26/07/2022,20:55,21,21,15.8
26/07/2022,20:55,21.2,21,15.5
26/07/2022,20:56,21.3,21,16
26/07/2022,20:56,21.5,21,15.6
26/07/2022,20:57,21.4,21,15.6
26/07/2022,20:57,21.2,21,15.5
26/07/2022,20:58,20.9,21,15.7
26/07/2022,20:58,20.7,21,15.9
26/07/2022,20:59,20.5,21,16.1
26/07/2022,20:59,20.4,21,16.3
26/07/2022,21:00,20.5,21,16.5
26/07/2022,21:00,20.5,21,16.5
26/07/2022,21:01,20.4,21,16.5
26/07/2022,21:01,20.6,21,16.2
26/07/2022,21:02,20.9,21,15.9
26/07/2022,21:02,21.1,21,15.9
26/07/2022,21:03,21.4,21,16
26/07/2022,21:03,21.4,21,16
26/07/2022,21:04,21.3,21,16
26/07/2022,21:04,21.3,21,15.8
26/07/2022,21:05,21,21,15.9
26/07/2022,21:05,20.8,21,16.1
26/07/2022,21:06,20.6,21,16.2
26/07/2022,21:06,20.5,21,16.5
26/07/2022,21:07,20.3,21,16.6
26/07/2022,21:07,20.3,21,16.6
26/07/2022,21:08,20.2,21,16.5
26/07/2022,21:08,20.3,21,16.5
26/07/2022,21:09,20.7,21,15.9
26/07/2022,21:09,21.2,21,15.7
26/07/2022,21:10,21.4,21,16
26/07/2022,21:10,21.5,21,16
26/07/2022,21:11,21.4,21,16
26/07/2022,21:11,21.2,21,15.9
26/07/2022,21:12,20.9,21,16
26/07/2022,21:12,20.7,21,16.1
26/07/2022,21:13,20.4,21,16.2
26/07/2022,21:13,20.3,21,16.5
26/07/2022,21:14,20.3,21,16.5
26/07/2022,21:14,20.4,21,16.2
26/07/2022,21:15,20.6,21,16.1
26/07/2022,21:15,20.6,21,15.6
26/07/2022,21:16,21.1,21,15.3
26/07/2022,21:16,21.2,21,15.7
26/07/2022,21:17,21.5,21,15.8
26/07/2022,21:17,21.6,21,15.9
26/07/2022,21:18,21.4,21,15.7
26/07/2022,21:18,21.2,21,15.7
26/07/2022,21:19,21,21,15.9
26/07/2022,21:19,20.6,21,16
26/07/2022,21:20,20.4,21,16.2
26/07/2022,21:20,20.3,21,16.3
26/07/2022,21:21,20.1,21,16.5
26/07/2022,21:21,20.3,21,16.3
26/07/2022,21:22,20.6,21,16.3
26/07/2022,21:22,21,21,16
26/07/2022,21:23,21.3,21,16
26/07/2022,21:23,21.5,21,16.2
26/07/2022,21:24,21.6,21,15.5
26/07/2022,21:24,21.5,21,15.6
26/07/2022,21:25,21.2,21,15.5
26/07/2022,21:25,21.1,21,15.6
26/07/2022,21:26,20.8,21,15.8
26/07/2022,21:26,20.6,21,15.9
26/07/2022,21:27,20.4,21,16.2
26/07/2022,21:27,20.3,21,16.3
26/07/2022,21:28,20.2,21,16.3
26/07/2022,21:28,20.4,21,16.3
26/07/2022,21:29,20.6,21,15.9
26/07/2022,21:29,20.8,21,15.4
26/07/2022,21:30,21.1,21,15.8
26/07/2022,21:30,21.4,21,15.7
26/07/2022,21:31,21.5,21,15.8
26/07/2022,21:31,21.5,21,15.8
26/07/2022,21:32,21.3,21,15.7
26/07/2022,21:32,21,21,15.8
26/07/2022,21:33,20.8,21,16
26/07/2022,21:33,20.5,21,16.1
26/07/2022,21:34,20.4,21,16.3
26/07/2022,21:34,20.3,21,16.4
26/07/2022,21:35,20.3,21,16.6
26/07/2022,21:35,20.4,21,16.6
26/07/2022,21:36,20.7,21,16.4
26/07/2022,21:36,20.9,21,16
26/07/2022,21:37,21.2,21,16
26/07/2022,21:37,21.5,21,16.2
26/07/2022,21:38,21.5,21,16.2
26/07/2022,21:38,21.4,21,16
26/07/2022,21:39,21.1,21,16.1
26/07/2022,21:39,20.9,21,16
26/07/2022,21:40,20.6,21,16.2
26/07/2022,21:40,20.5,21,16.4
26/07/2022,21:41,20.5,21,16.4
26/07/2022,21:41,20.5,21,16.5
26/07/2022,21:42,20.4,21,16.4
26/07/2022,21:42,20.5,21,16.4
26/07/2022,21:43,20.7,21,16.1
26/07/2022,21:43,21.1,21,15.8
26/07/2022,21:44,21.4,21,16
26/07/2022,21:44,21.5,21,16
26/07/2022,21:45,21.5,21,16
26/07/2022,21:45,21.5,21,15.8
26/07/2022,21:46,21.3,21,15.7
26/07/2022,21:46,21.1,21,15.9
26/07/2022,21:47,20.7,21,16.1
26/07/2022,21:47,20.5,21,16.3
26/07/2022,21:48,20.4,21,16.3
26/07/2022,21:48,20.5,21,16.4
26/07/2022,21:49,20.6,21,16.4
26/07/2022,21:49,20.7,21,16.1
26/07/2022,21:50,20.8,21,15.8
26/07/2022,21:50,21.2,21,15.9
26/07/2022,21:51,21.3,21,16
26/07/2022,21:51,21.4,21,15.9
26/07/2022,21:52,21.8,21,16
26/07/2022,21:52,21.6,21,15.9
26/07/2022,21:53,21.4,21,15.8
26/07/2022,21:53,21.1,21,15.9
26/07/2022,21:54,20.8,21,16
26/07/2022,21:54,20.6,21,16.3
26/07/2022,21:55,20.3,21,16.4
26/07/2022,21:55,20.1,21,16.5
26/07/2022,21:56,20.2,21,16.5
26/07/2022,21:56,20.5,21,16.4
26/07/2022,21:57,20.9,21,16.1
26/07/2022,21:57,21.3,21,15.7
26/07/2022,21:58,21.5,21,15.6
26/07/2022,21:58,21.7,21,15.6
26/07/2022,21:59,21.6,21,15.7
26/07/2022,21:59,21.5,21,15.6
26/07/2022,22:00,21.1,21,15.7
26/07/2022,22:00,20.8,21,15.8
26/07/2022,22:01,20.5,21,16.1
26/07/2022,22:01,20.4,21,16.3
26/07/2022,22:02,20.2,21,16.4
26/07/2022,22:02,20.3,21,16.3
26/07/2022,22:03,20.2,21,16.3
26/07/2022,22:03,20.4,21,15.8
26/07/2022,22:04,20.7,21,15.6
26/07/2022,22:04,21,21,15.6
26/07/2022,22:05,21.3,21,15.8
26/07/2022,22:05,21.3,21,15.9
26/07/2022,22:06,21.3,21,16
26/07/2022,22:06,21.5,21,16.3
26/07/2022,22:07,21.3,21,16.2
26/07/2022,22:07,21.2,21,16
26/07/2022,22:08,20.8,21,16.1
26/07/2022,22:08,20.7,21,16.1
26/07/2022,22:09,20.5,21,16.3
26/07/2022,22:09,20.4,21,16.5
26/07/2022,22:10,20.4,21,16.3
26/07/2022,22:10,20.4,21,16.3
26/07/2022,22:11,20.3,21,16.2
26/07/2022,22:11,20.3,21,15.8
26/07/2022,22:12,20.4,21,15.5
26/07/2022,22:12,20.8,21,15.4
26/07/2022,22:13,21.2,21,15.8
26/07/2022,22:13,21.3,21,16
26/07/2022,22:14,21.5,21,15.9
26/07/2022,22:14,21.4,21,16
26/07/2022,22:15,21.3,21,15.9
26/07/2022,22:15,21,21,15.9
26/07/2022,22:16,20.7,21,15.9
26/07/2022,22:16,20.6,21,16.1
26/07/2022,22:17,20.5,21,16.3
26/07/2022,22:17,20.3,21,16.3
26/07/2022,22:18,20.1,21,16.4
26/07/2022,22:18,20.2,21,16.2
26/07/2022,22:19,20.4,21,15.9
26/07/2022,22:19,20.9,21,15.7
26/07/2022,22:20,21.3,21,15.6
26/07/2022,22:20,21.4,21,15.8
26/07/2022,22:21,21.6,21,15.8
26/07/2022,22:21,21.6,21,15.7
26/07/2022,22:22,21.3,21,15.6
26/07/2022,22:22,21,21,15.7
26/07/2022,22:23,20.6,21,15.8
26/07/2022,22:23,20.4,21,15.9
26/07/2022,22:24,20.3,21,16.2
26/07/2022,22:24,20.1,21,16.2
26/07/2022,22:25,20.2,21,16.3
26/07/2022,22:25,20.4,21,16.2
26/07/2022,22:26,20.7,21,15.8
26/07/2022,22:26,21,21,15.5
26/07/2022,22:27,21.1,21,15.7
26/07/2022,22:27,21.4,21,15.6
26/07/2022,22:28,21.5,21,15.9
26/07/2022,22:28,21.5,21,15.8
26/07/2022,22:29,21.3,21,15.8
26/07/2022,22:29,21,21,15.8
26/07/2022,22:30,20.7,21,15.9
26/07/2022,22:30,20.5,21,16.1
26/07/2022,22:31,20.3,21,16.2
26/07/2022,22:31,20.3,21,16.2
26/07/2022,22:32,20.2,21,16.3
26/07/2022,22:32,20.2,21,16.1
26/07/2022,22:33,20.4,21,15.5
26/07/2022,22:33,20.7,21,15.6
26/07/2022,22:34,21,21,15.8
26/07/2022,22:34,21.3,21,15.6
26/07/2022,22:35,21.5,21,15.4
26/07/2022,22:35,21.5,21,15.4
26/07/2022,22:36,21.3,21,15.5
26/07/2022,22:36,21.1,21,15.4
26/07/2022,22:37,20.8,21,15.6
26/07/2022,22:37,20.5,21,15.8
26/07/2022,22:38,20.3,21,16
26/07/2022,22:38,20.1,21,16.1
26/07/2022,22:39,20.1,21,16.1
26/07/2022,22:39,20.3,21,15.9
26/07/2022,22:40,20.6,21,15.5
26/07/2022,22:40,20.9,21,14.9
26/07/2022,22:41,21.1,21,15.1
26/07/2022,22:41,21.2,21,15.4
26/07/2022,22:42,21.2,21,15.5
26/07/2022,22:42,21.4,21,15.7
26/07/2022,22:43,21.4,21,15.6
26/07/2022,22:43,21.2,21,15.5
26/07/2022,22:44,20.9,21,15.5
26/07/2022,22:44,20.6,21,15.7
26/07/2022,22:45,20.4,21,15.8
26/07/2022,22:45,20.3,21,16
26/07/2022,22:46,20.1,21,16
26/07/2022,22:46,20.1,21,15.9
26/07/2022,22:47,20.1,21,15.6
26/07/2022,22:47,20.4,21,15.4
26/07/2022,22:48,20.8,21,15
26/07/2022,22:48,21.1,21,15.6
26/07/2022,22:49,21.3,21,15.5
26/07/2022,22:49,21.4,21,15.4
26/07/2022,22:50,21.5,21,15.6
26/07/2022,22:50,21.3,21,15.7
26/07/2022,22:51,21.2,21,15.6
26/07/2022,22:51,21,21,15.7
26/07/2022,22:52,20.7,21,15.8
26/07/2022,22:52,20.4,21,15.9
26/07/2022,22:53,20.2,21,16.1
26/07/2022,22:53,20.2,21,16
26/07/2022,22:54,20.2,21,16
26/07/2022,22:54,20.2,21,15.8
26/07/2022,22:55,20.4,21,15.4
26/07/2022,22:55,20.7,21,15
26/07/2022,22:56,20.9,21,15.2
26/07/2022,22:56,21.1,21,15.3
26/07/2022,22:57,21.4,21,15.5
26/07/2022,22:57,21.4,21,15.5
26/07/2022,22:58,21.4,21,15.4
26/07/2022,22:58,21.1,21,15.5
26/07/2022,22:59,20.9,21,15.4
26/07/2022,22:59,20.6,21,15.7
26/07/2022,23:00,20.4,21,15.9
26/07/2022,23:00,20.2,21,16.1
26/07/2022,23:01,20.1,21,16.1
26/07/2022,23:01,20.1,21,16
26/07/2022,23:02,20.5,21,15.7
26/07/2022,23:02,20.8,21,15.3
26/07/2022,23:03,21.1,21,15.3
26/07/2022,23:03,21.2,21,15.4
26/07/2022,23:04,21.5,21,15.3
26/07/2022,23:04,21.7,21,15.5
26/07/2022,23:05,21.4,21,15.4
26/07/2022,23:05,21.1,21,15.4
26/07/2022,23:06,20.8,21,15.5
26/07/2022,23:06,20.6,21,15.7
26/07/2022,23:07,20.3,21,15.7
26/07/2022,23:07,20.1,21,16
26/07/2022,23:08,20,21,15.9
26/07/2022,23:08,20.1,21,16
26/07/2022,23:09,20.2,21,15.8
26/07/2022,23:09,20.5,21,15.4
26/07/2022,23:10,20.8,21,15.1
26/07/2022,23:10,20.9,21,15.3
26/07/2022,23:11,21.1,21,15.4
26/07/2022,23:11,21.2,21,15.5
26/07/2022,23:12,21.3,21,15.4
26/07/2022,23:12,21.2,21,15.5
26/07/2022,23:13,21.2,21,15.7
26/07/2022,23:13,21.2,21,15.8
26/07/2022,23:14,21.4,21,15.7
26/07/2022,23:14,21.4,21,15.6
26/07/2022,23:15,21.4,21,15.7
26/07/2022,23:15,21.2,21,15.8
26/07/2022,23:16,21,21,15.7
26/07/2022,23:16,20.7,21,15.8
26/07/2022,23:17,20.5,21,15.9
26/07/2022,23:17,20.4,21,16.2
26/07/2022,23:18,20.2,21,16.2
26/07/2022,23:18,20.2,21,16.2
26/07/2022,23:19,20,21,16
26/07/2022,23:19,20.1,21,16
26/07/2022,23:20,20.2,21,15.6
26/07/2022,23:20,20.6,21,15
26/07/2022,23:21,20.9,21,15.3
26/07/2022,23:21,21.1,21,15.1
26/07/2022,23:22,21.3,21,15.3
26/07/2022,23:22,21.3,21,15.4
26/07/2022,23:23,21.5,21,15.4
26/07/2022,23:23,21.4,21,15.6
26/07/2022,23:24,21.2,21,15.6
26/07/2022,23:24,21,21,15.5
26/07/2022,23:25,20.7,21,15.7
26/07/2022,23:25,20.5,21,15.9
26/07/2022,23:26,20.3,21,16
26/07/2022,23:26,20.1,21,16
26/07/2022,23:27,20.1,21,15.9
26/07/2022,23:27,20.2,21,15.8
26/07/2022,23:28,20.5,21,15.4
26/07/2022,23:28,20.8,21,15.1
26/07/2022,23:29,21,21,15.3
26/07/2022,23:29,21.1,21,15.6
26/07/2022,23:30,21.4,21,15.6
26/07/2022,23:30,21.5,21,15.7
26/07/2022,23:31,21.4,21,15.7
26/07/2022,23:31,21.2,21,15.6
26/07/2022,23:32,21,21,15.6
26/07/2022,23:32,20.7,21,15.8
26/07/2022,23:33,20.4,21,15.8
26/07/2022,23:33,20.2,21,16.1
26/07/2022,23:34,20,21,15.9
26/07/2022,23:34,19.7,21,15.8
26/07/2022,23:35,19.7,21,15.7
26/07/2022,23:35,19.9,21,15.3
26/07/2022,23:36,20.5,21,14.9
26/07/2022,23:36,20.9,21,15.2
26/07/2022,23:37,21.3,21,15.4
26/07/2022,23:37,21.5,21,15.4
26/07/2022,23:38,21.4,21,15.6
26/07/2022,23:38,21.2,21,15.5
26/07/2022,23:39,20.9,21,15.6
26/07/2022,23:39,20.5,21,15.7
26/07/2022,23:40,20.3,21,15.8
26/07/2022,23:40,20.1,21,16
26/07/2022,23:41,20.1,21,15.9
26/07/2022,23:41,20.1,21,15.8
26/07/2022,23:42,20.1,21,15.6
26/07/2022,23:42,20.2,21,15.2
26/07/2022,23:43,20.5,21,14.7
26/07/2022,23:43,20.7,21,15.3
26/07/2022,23:44,21,21,15.3
26/07/2022,23:44,21,21,15.2
26/07/2022,23:45,21.1,21,15.4
26/07/2022,23:45,21.1,21,15.7
26/07/2022,23:46,21.2,21,15.7
26/07/2022,23:46,21.2,21,15.9
26/07/2022,23:47,21.2,21,15.8
26/07/2022,23:47,21.2,21,15.7
26/07/2022,23:48,21.1,21,15.7
26/07/2022,23:48,21.2,21,15.5
26/07/2022,23:49,21.2,21,15.7
26/07/2022,23:49,21.3,21,15.5
26/07/2022,23:50,21.3,21,15.6
26/07/2022,23:50,21.2,21,15.7
26/07/2022,23:51,21.3,21,15.6
26/07/2022,23:51,21.3,21,15.5
26/07/2022,23:52,21.2,21,15.5
26/07/2022,23:52,21.2,21,15.6
26/07/2022,23:53,21.3,21,15.8
26/07/2022,23:53,21.5,21,15.6
26/07/2022,23:54,21.6,21,15.6
26/07/2022,23:54,21.5,21,15.4
26/07/2022,23:55,21.2,21,15.5
26/07/2022,23:55,21,21,15.7
26/07/2022,23:56,20.7,21,15.8
26/07/2022,23:56,20.4,21,16.1
26/07/2022,23:57,20.2,21,15.9
26/07/2022,23:57,20.1,21,15.9
26/07/2022,23:58,20.3,21,15.9
26/07/2022,23:58,20.5,21,15.6
26/07/2022,23:59,20.9,21,15
26/07/2022,23:59,21.1,21,15.3
27/07/2022,0:00,21.2,21,15.4
27/07/2022,0:00,21.6,21,15.4
27/07/2022,0:01,21.6,21,15.6
27/07/2022,0:01,21.3,21,15.4
27/07/2022,0:02,21,21,15.5
27/07/2022,0:02,20.6,21,15.6
27/07/2022,0:03,20.4,21,15.8
27/07/2022,0:03,20.2,21,16
27/07/2022,0:04,20.1,21,16
27/07/2022,0:04,20,21,15.9
27/07/2022,0:05,20.1,21,15.8
27/07/2022,0:05,20.4,21,15.4
27/07/2022,0:06,20.7,21,15.2
27/07/2022,0:06,20.9,21,15.1
27/07/2022,0:07,21.2,21,15.4
27/07/2022,0:07,21.1,21,15.5
27/07/2022,0:08,21.3,21,15.6
27/07/2022,0:08,21.3,21,15.7
27/07/2022,0:09,21.2,21,15.4
27/07/2022,0:09,21.2,21,15.5
27/07/2022,0:10,21.4,21,15.6
27/07/2022,0:10,21.3,21,16
27/07/2022,0:11,21.2,21,16
27/07/2022,0:11,21.3,21,15.9
27/07/2022,0:12,21.4,21,15.7
27/07/2022,0:12,21.4,21,15.8
27/07/2022,0:13,21.3,21,15.7
27/07/2022,0:13,21.4,21,15.7
27/07/2022,0:14,21.4,21,15.7
27/07/2022,0:14,21.3,21,15.5
27/07/2022,0:15,21.3,21,15.6
27/07/2022,0:15,21.2,21,15.4
27/07/2022,0:16,21.3,21,15.6
27/07/2022,0:16,21.2,21,15.7
27/07/2022,0:17,21.3,21,15.8
27/07/2022,0:17,21.4,21,15.5
27/07/2022,0:18,21.5,21,15.3
27/07/2022,0:18,21.4,21,15.6
27/07/2022,0:19,21.2,21,15.4
27/07/2022,0:19,21,21,15.5
27/07/2022,0:20,20.6,21,15.6
27/07/2022,0:20,20.4,21,15.8
27/07/2022,0:21,20.3,21,16.1
27/07/2022,0:21,20.2,21,16
27/07/2022,0:22,20.1,21,16
27/07/2022,0:22,20,21,16
27/07/2022,0:23,20.2,21,15.8
27/07/2022,0:23,20.4,21,15.5
27/07/2022,0:24,20.6,21,14.9
27/07/2022,0:24,21,21,15.2
27/07/2022,0:25,20.9,21,15.2
27/07/2022,0:25,21.1,21,15.5
27/07/2022,0:26,21.2,21,15.6
27/07/2022,0:26,21.3,21,15.7
27/07/2022,0:27,21.3,21,15.5
27/07/2022,0:27,21.2,21,15.7
27/07/2022,0:28,21.2,21,15.8
27/07/2022,0:28,21.2,21,15.8
27/07/2022,0:29,21.3,21,15.8
27/07/2022,0:29,21.3,21,15.8
27/07/2022,0:30,21.4,21,15.7
27/07/2022,0:30,21.3,21,15.5
27/07/2022,0:31,21.3,21,15.5
27/07/2022,0:31,21.4,21,15.5
27/07/2022,0:32,21.3,21,15.7
27/07/2022,0:32,21.4,21,15.8
27/07/2022,0:33,21.3,21,15.7
27/07/2022,0:33,21.2,21,15.7
27/07/2022,0:34,20.9,21,15.6
27/07/2022,0:34,20.6,21,15.8
27/07/2022,0:35,20.4,21,15.9
27/07/2022,0:35,20.2,21,16.1
27/07/2022,0:36,20.2,21,15.9
27/07/2022,0:36,20.2,21,15.8
27/07/2022,0:37,20.1,21,15.8
27/07/2022,0:37,20.2,21,15.5
27/07/2022,0:38,20.6,21,15.3
27/07/2022,0:38,21,21,15.2
27/07/2022,0:39,21.1,21,15.3
27/07/2022,0:39,21.1,21,15.4
27/07/2022,0:40,21.2,21,15.2
27/07/2022,0:40,21.2,21,15.2
27/07/2022,0:41,21.1,21,15.2
27/07/2022,0:41,21.4,21,15.3
27/07/2022,0:42,21.5,21,15.5
27/07/2022,0:42,21.5,21,15.5
27/07/2022,0:43,21.3,21,15.3
27/07/2022,0:43,21,21,15.5
27/07/2022,0:44,20.7,21,15.6
27/07/2022,0:44,20.5,21,15.7
27/07/2022,0:45,20.3,21,16
27/07/2022,0:45,20.1,21,15.8
27/07/2022,0:46,20.1,21,15.6
27/07/2022,0:46,20.2,21,15.4
27/07/2022,0:47,20.4,21,15.2
27/07/2022,0:47,20.7,21,14.8
27/07/2022,0:48,20.9,21,15.1
27/07/2022,0:48,21.1,21,15.3
27/07/2022,0:49,21.6,21,15.3
27/07/2022,0:49,21.4,21,15.4
27/07/2022,0:50,21.3,21,15.3
27/07/2022,0:50,21,21,15.3
27/07/2022,0:51,20.6,21,15.4
27/07/2022,0:51,20.3,21,15.5
27/07/2022,0:52,20.2,21,15.7
27/07/2022,0:52,20.1,21,15.7
27/07/2022,0:53,20.1,21,15.8
27/07/2022,0:53,20,21,15.7
27/07/2022,0:54,20,21,15.6
27/07/2022,0:54,20.3,21,15.2
27/07/2022,0:55,20.5,21,14.8
27/07/2022,0:55,20.8,21,15.2
27/07/2022,0:56,21,21,15.2
27/07/2022,0:56,21.1,21,15.2
27/07/2022,0:57,21.2,21,15.4
27/07/2022,0:57,21.2,21,15.2
27/07/2022,0:58,21.1,21,15.1
27/07/2022,0:58,21.2,21,15.4
27/07/2022,0:59,21.1,21,15.3
27/07/2022,0:59,21.1,21,15.5
27/07/2022,1:00,21.2,21,15.6
27/07/2022,1:00,21.2,21,15.6
27/07/2022,1:01,21.2,21,15.7
27/07/2022,1:01,21.2,21,15.8
27/07/2022,1:02,21.3,21,16
27/07/2022,1:02,21.3,21,15.6
27/07/2022,1:03,21.3,21,15.5
27/07/2022,1:03,21.4,21,15.5
27/07/2022,1:04,21.2,21,15.3
27/07/2022,1:04,21,21,15.3
27/07/2022,1:05,20.9,21,15.3
27/07/2022,1:05,20.8,21,15.4
27/07/2022,1:06,20.6,21,15.6
27/07/2022,1:06,20.3,21,15.8
27/07/2022,1:07,20.1,21,16
27/07/2022,1:07,20,21,15.9
27/07/2022,1:08,20,21,15.8
27/07/2022,1:08,20.1,21,15.5
27/07/2022,1:09,20.3,21,15
27/07/2022,1:09,20.7,21,14.6
27/07/2022,1:10,21.1,21,15.1
27/07/2022,1:10,21.3,21,15.2
27/07/2022,1:11,21.4,21,15.3
27/07/2022,1:11,21.5,21,15.3
27/07/2022,1:12,21.3,21,15.2
27/07/2022,1:12,20.9,21,15.2
27/07/2022,1:13,20.7,21,15.4
27/07/2022,1:13,20.4,21,15.5
27/07/2022,1:14,20.2,21,15.7
27/07/2022,1:14,20.1,21,15.7
27/07/2022,1:15,19.9,21,15.6
27/07/2022,1:15,20,21,15.5
27/07/2022,1:16,20.3,21,15
27/07/2022,1:16,20.5,21,14.8
27/07/2022,1:17,21,21,15.2
27/07/2022,1:17,21.2,21,15.2
27/07/2022,1:18,21.3,21,15.2
27/07/2022,1:18,21.5,21,15.2
27/07/2022,1:19,21.4,21,15.5
27/07/2022,1:19,21.3,21,15.3
27/07/2022,1:20,20.9,21,15.4
27/07/2022,1:20,20.6,21,15.4
27/07/2022,1:21,20.4,21,15.6
27/07/2022,1:21,20.2,21,15.7
27/07/2022,1:22,20.2,21,15.9
27/07/2022,1:22,20.1,21,15.9
27/07/2022,1:23,20.1,21,15.8
27/07/2022,1:23,20.3,21,15.7
27/07/2022,1:24,20.5,21,15.6
27/07/2022,1:24,20.9,21,15.1
27/07/2022,1:25,21.1,21,15.1
27/07/2022,1:25,21.2,21,15.1
27/07/2022,1:26,21.4,21,15.3
27/07/2022,1:26,21.4,21,15.4
27/07/2022,1:27,21.3,21,15.3
27/07/2022,1:27,21,21,15.2
27/07/2022,1:28,20.7,21,15.5
27/07/2022,1:28,20.5,21,15.6
27/07/2022,1:29,20.2,21,15.9
27/07/2022,1:29,20.1,21,15.9
27/07/2022,1:30,20.1,21,15.9
27/07/2022,1:30,20.2,21,15.8
27/07/2022,1:31,20.3,21,15.4
27/07/2022,1:32,20.6,21,15.2
27/07/2022,1:32,20.9,21,15.1
27/07/2022,1:33,21.2,21,15.2
27/07/2022,1:33,21.5,21,15.2
27/07/2022,1:34,21.5,21,15.1
27/07/2022,1:34,21.5,21,15.1
27/07/2022,1:35,21,21,15.2
27/07/2022,1:35,20.7,21,15.3
27/07/2022,1:36,20.4,21,15.5
27/07/2022,1:36,20.2,21,15.7
27/07/2022,1:37,20,21,15.9
27/07/2022,1:37,19.8,21,15.8
27/07/2022,1:38,19.8,21,15.7
27/07/2022,1:38,20.1,21,15.6
27/07/2022,1:39,20.5,21,15.2
27/07/2022,1:39,20.9,21,15.2
27/07/2022,1:40,21.1,21,15.4
27/07/2022,1:40,21.3,21,15.2
27/07/2022,1:41,21.3,21,15.6
27/07/2022,1:41,21.1,21,15.5
27/07/2022,1:42,20.8,21,15.6
27/07/2022,1:42,20.6,21,15.6
27/07/2022,1:43,20.3,21,15.8
27/07/2022,1:43,20.1,21,15.9
27/07/2022,1:44,20,21,15.9
27/07/2022,1:44,20,21,15.9
27/07/2022,1:45,19.9,21,15.8
27/07/2022,1:45,20.1,21,15.7
27/07/2022,1:46,20.3,21,15.5
27/07/2022,1:46,20.7,21,14.9
27/07/2022,1:47,21,21,15.1
27/07/2022,1:47,21.2,21,15.1
27/07/2022,1:48,21.3,21,15.3
27/07/2022,1:48,21.4,21,15.4
27/07/2022,1:49,21.3,21,15.6
27/07/2022,1:49,21.4,21,15.9
27/07/2022,1:50,21.2,21,15.8
27/07/2022,1:50,21.3,21,15.7
27/07/2022,1:51,21.3,21,15.5
27/07/2022,1:51,21.4,21,15.5
27/07/2022,1:52,21.3,21,15.5
27/07/2022,1:52,21.2,21,15.5
27/07/2022,1:53,20.8,21,15.6
27/07/2022,1:53,20.6,21,15.7
27/07/2022,1:54,20.4,21,15.9
27/07/2022,1:54,20.3,21,16.1
27/07/2022,1:55,20.1,21,16
27/07/2022,1:55,20,21,15.7
27/07/2022,1:56,19.9,21,15.6
27/07/2022,1:56,19.9,21,15.3
27/07/2022,1:57,20.3,21,15
27/07/2022,1:57,20.7,21,15
27/07/2022,1:58,21.1,21,15.1
27/07/2022,1:58,21.3,21,15
27/07/2022,1:59,21.3,21,15.2
27/07/2022,1:59,21.2,21,15.4
27/07/2022,2:00,21.3,21,15.4
27/07/2022,2:00,21,21,15.6
27/07/2022,2:01,21.1,21,15.7
27/07/2022,2:01,21.2,21,15.6
27/07/2022,2:02,21.3,21,15.6
27/07/2022,2:02,21.3,21,15.5
27/07/2022,2:03,21.2,21,15.4
27/07/2022,2:03,21.3,21,15.5
27/07/2022,2:04,21.2,21,15.4
27/07/2022,2:04,21.3,21,15.3
27/07/2022,2:05,21.3,21,15.4
27/07/2022,2:05,21.4,21,15.4
27/07/2022,2:06,21.3,21,15.5
27/07/2022,2:06,21.2,21,15.6
27/07/2022,2:07,21.3,21,15.7
27/07/2022,2:07,21.4,21,15.5
27/07/2022,2:08,21.3,21,15.3
27/07/2022,2:08,21.3,21,15.4
27/07/2022,2:09,21.3,21,15.4
27/07/2022,2:09,21.4,21,15.5
27/07/2022,2:10,21.4,21,15.7
27/07/2022,2:10,21.2,21,15.6
27/07/2022,2:11,21,21,15.5
27/07/2022,2:11,20.8,21,15.6
27/07/2022,2:12,20.6,21,15.7
27/07/2022,2:12,20.3,21,15.9
27/07/2022,2:13,20.2,21,16.1
27/07/2022,2:13,20.1,21,15.9
27/07/2022,2:14,19.9,21,15.8
27/07/2022,2:14,20,21,15.8
27/07/2022,2:15,20.2,21,15.5
27/07/2022,2:15,20.6,21,14.8
27/07/2022,2:16,20.9,21,15.1
27/07/2022,2:16,21.2,21,15.2
27/07/2022,2:17,21.2,21,15.2
27/07/2022,2:17,21.2,21,15.3
27/07/2022,2:18,21.1,21,15.5
27/07/2022,2:18,21.2,21,15.4
27/07/2022,2:19,21.3,21,15.5
27/07/2022,2:19,21.3,21,15.5
27/07/2022,2:20,21.3,21,15.5
27/07/2022,2:20,21.4,21,15.4
27/07/2022,2:21,21.2,21,15.6
27/07/2022,2:21,21.1,21,15.5
27/07/2022,2:22,20.9,21,15.6
27/07/2022,2:22,20.5,21,15.7
27/07/2022,2:23,20.4,21,15.8
27/07/2022,2:23,20.2,21,16
27/07/2022,2:24,20.2,21,15.9
27/07/2022,2:24,20.1,21,15.8
27/07/2022,2:25,20,21,15.7
27/07/2022,2:25,20.1,21,15.3
27/07/2022,2:26,20.4,21,15
27/07/2022,2:26,20.6,21,14.8
27/07/2022,2:27,21,21,14.9
27/07/2022,2:27,21,21,14.9
27/07/2022,2:28,21.1,21,15
27/07/2022,2:28,21.1,21,15
27/07/2022,2:29,21.2,21,15.2
27/07/2022,2:29,21.4,21,15.1
27/07/2022,2:30,21.6,21,15.2
27/07/2022,2:30,21.5,21,15.2
27/07/2022,2:31,21.2,21,15.1
27/07/2022,2:31,20.9,21,15.2
27/07/2022,2:32,20.5,21,15.4
27/07/2022,2:32,20.2,21,15.6
27/07/2022,2:33,20.1,21,15.7
27/07/2022,2:33,19.9,21,15.6
27/07/2022,2:34,20,21,15.6
27/07/2022,2:34,20.1,21,15.4
27/07/2022,2:35,20.5,21,15
27/07/2022,2:35,20.9,21,14.4
27/07/2022,2:36,20.9,21,14.9
27/07/2022,2:36,21.1,21,15.1
27/07/2022,2:37,21,21,15.2
27/07/2022,2:37,21,21,15.3
27/07/2022,2:38,21.2,21,15.4
27/07/2022,2:38,21.2,21,15.6
27/07/2022,2:39,21.2,21,15.4
27/07/2022,2:39,21.1,21,15.4
27/07/2022,2:40,21.2,21,15.4
27/07/2022,2:40,21.2,21,15.3
27/07/2022,2:41,21.2,21,15.1
27/07/2022,2:41,21.2,21,15.3
27/07/2022,2:42,21.2,21,15.5
27/07/2022,2:42,21.2,21,15.3
27/07/2022,2:43,21.2,21,15.2
27/07/2022,2:43,21.2,21,15.3
27/07/2022,2:44,21.3,21,15.4
27/07/2022,2:44,21.3,21,15.3
27/07/2022,2:45,21.2,21,15.3
27/07/2022,2:45,21.3,21,15.3
27/07/2022,2:46,21.2,21,15.3
27/07/2022,2:46,21.3,21,15.3
27/07/2022,2:47,21.2,21,15.3
27/07/2022,2:47,21.2,21,15.1
27/07/2022,2:48,21.3,21,15.2
27/07/2022,2:48,21.4,21,15.4
27/07/2022,2:49,21.4,21,15.3
27/07/2022,2:49,21.3,21,15.2
27/07/2022,2:50,21.3,21,15.4
27/07/2022,2:50,21.3,21,15.4
27/07/2022,2:51,21.3,21,15.3
27/07/2022,2:51,21.2,21,15.3
27/07/2022,2:52,21,21,15.3
27/07/2022,2:52,20.7,21,15.5
27/07/2022,2:53,20.4,21,15.6
27/07/2022,2:53,20.3,21,15.8
27/07/2022,2:54,20.1,21,15.7
27/07/2022,2:54,19.9,21,15.6
27/07/2022,2:55,19.9,21,15.5
27/07/2022,2:55,19.9,21,15.4
27/07/2022,2:56,20.2,21,15
27/07/2022,2:56,20.8,21,14.8
27/07/2022,2:57,21,21,15
27/07/2022,2:57,21.1,21,14.8
27/07/2022,2:58,21.2,21,14.9
27/07/2022,2:58,21.3,21,15.2
27/07/2022,2:59,21.2,21,15.2
27/07/2022,2:59,21.2,21,15.4
27/07/2022,3:00,21.3,21,15.5
27/07/2022,3:00,21.2,21,15.3
27/07/2022,3:01,21.2,21,15.4
27/07/2022,3:01,21.2,21,15.4
27/07/2022,3:02,21.2,21,15.4
27/07/2022,3:02,21.3,21,15.5
27/07/2022,3:03,21.3,21,15.4
27/07/2022,3:03,21.4,21,15.4
27/07/2022,3:04,21.3,21,15.2
27/07/2022,3:04,21.2,21,15.4
27/07/2022,3:05,21.2,21,15.3
27/07/2022,3:05,21.1,21,15.4
27/07/2022,3:06,21.2,21,15.6
27/07/2022,3:06,21.1,21,15.3
27/07/2022,3:07,21.4,21,15.3
27/07/2022,3:07,21.3,21,15.1
27/07/2022,3:08,21.3,21,14.9
27/07/2022,3:08,21.2,21,14.8
27/07/2022,3:09,21,21,14.9
27/07/2022,3:09,20.6,21,15.1
27/07/2022,3:10,20.4,21,15.3
27/07/2022,3:10,20.2,21,15.6
27/07/2022,3:11,20,21,15.5
27/07/2022,3:11,20,21,15.5
27/07/2022,3:12,20.1,21,15.4
27/07/2022,3:12,20.4,21,15.4
27/07/2022,3:13,20.7,21,14.6
27/07/2022,3:13,21,21,14.8
27/07/2022,3:14,21.3,21,15
27/07/2022,3:14,21.5,21,15
27/07/2022,3:15,21.3,21,14.8
27/07/2022,3:15,21.1,21,14.9
27/07/2022,3:16,20.8,21,15
27/07/2022,3:16,20.6,21,15.1
27/07/2022,3:17,20.2,21,15.3
27/07/2022,3:17,20.1,21,15.5
27/07/2022,3:18,19.9,21,15.5
27/07/2022,3:18,19.9,21,15.4
27/07/2022,3:19,19.9,21,15.2
27/07/2022,3:19,20.2,21,14.9
27/07/2022,3:20,20.5,21,14.5
27/07/2022,3:20,20.8,21,14.6
27/07/2022,3:21,21.1,21,14.9
27/07/2022,3:21,21,21,15
27/07/2022,3:22,21.1,21,15
27/07/2022,3:22,21.2,21,15.1
27/07/2022,3:23,21.2,21,15.1
27/07/2022,3:23,21.1,21,15.2
27/07/2022,3:24,21.1,21,15.1
27/07/2022,3:24,21.1,21,15.1
27/07/2022,3:25,21,21,15.2
27/07/2022,3:25,21.1,21,15.3
27/07/2022,3:26,21.1,21,15.4
27/07/2022,3:26,21.2,21,15.3
27/07/2022,3:27,21.1,21,15.3
27/07/2022,3:27,21.2,21,15.4
27/07/2022,3:28,21.2,21,15.4
27/07/2022,3:28,21.2,21,15.4
27/07/2022,3:29,21.2,21,15.1
27/07/2022,3:29,21.2,21,15.1
27/07/2022,3:30,21.3,21,15.2
27/07/2022,3:30,21.3,21,15.2
27/07/2022,3:31,21.2,21,15.3
27/07/2022,3:31,21.3,21,15.1
27/07/2022,3:32,21.3,21,15.2
27/07/2022,3:32,21.2,21,15.3
27/07/2022,3:33,21.2,21,15.3
27/07/2022,3:33,21.3,21,15.1
27/07/2022,3:34,21.2,21,15.1
27/07/2022,3:34,21.3,21,15.3
27/07/2022,3:35,21.2,21,15.5
27/07/2022,3:35,21.2,21,15.2
27/07/2022,3:36,21.1,21,15.4
27/07/2022,3:36,21,21,15.3
27/07/2022,3:37,20.9,21,15.3
27/07/2022,3:37,20.7,21,15.4
27/07/2022,3:38,20.4,21,15.5
27/07/2022,3:38,20.1,21,15.7
27/07/2022,3:39,20.1,21,15.9
27/07/2022,3:39,20,21,15.6
27/07/2022,3:40,19.8,21,15.4
27/07/2022,3:40,19.8,21,15.3
27/07/2022,3:41,20.1,21,14.9
27/07/2022,3:41,20.5,21,14.4
27/07/2022,3:42,20.9,21,14.9
27/07/2022,3:42,21.2,21,15
27/07/2022,3:43,21.2,21,14.9
27/07/2022,3:43,21.2,21,14.9
27/07/2022,3:44,21.1,21,14.9
27/07/2022,3:44,21.1,21,15.2
27/07/2022,3:45,21.1,21,15.3
27/07/2022,3:45,21.2,21,15.4
27/07/2022,3:46,21.2,21,15.3
27/07/2022,3:46,21.2,21,15.4
27/07/2022,3:47,21.2,21,15.4
27/07/2022,3:47,21.1,21,15.4
27/07/2022,3:48,21.1,21,15.2
27/07/2022,3:48,21.2,21,15.2
27/07/2022,3:49,21.2,21,15.4
27/07/2022,3:49,21.2,21,15.2
27/07/2022,3:50,21.1,21,15.3
27/07/2022,3:50,21.1,21,15.3
27/07/2022,3:51,21.1,21,15.2
27/07/2022,3:51,21.3,21,15.1
27/07/2022,3:52,21.4,21,15.1
27/07/2022,3:52,21.3,21,15.2
27/07/2022,3:53,21.5,21,15.3
27/07/2022,3:53,21.6,21,15.2
27/07/2022,3:54,21.2,21,15.1
27/07/2022,3:54,21,21,15.2
27/07/2022,3:55,20.6,21,15.3
27/07/2022,3:55,20.4,21,15.5
27/07/2022,3:56,20.1,21,15.8
27/07/2022,3:56,20.1,21,15.5
27/07/2022,3:57,20,21,15.4
27/07/2022,3:57,20,21,15.2
27/07/2022,3:58,20.2,21,15
27/07/2022,3:58,20.4,21,14.6
27/07/2022,3:59,20.8,21,14.9
27/07/2022,3:59,21,21,14.9
27/07/2022,4:00,21.4,21,14.7
27/07/2022,4:00,21.4,21,15
27/07/2022,4:01,21.3,21,15
27/07/2022,4:01,21,21,15
27/07/2022,4:02,20.6,21,15.1
27/07/2022,4:02,20.4,21,15.3
27/07/2022,4:03,20.1,21,15.4
27/07/2022,4:03,20,21,15.6
27/07/2022,4:04,20,21,15.4
27/07/2022,4:04,19.8,21,15.4
27/07/2022,4:05,20,21,15.2
27/07/2022,4:05,20.3,21,14.7
27/07/2022,4:06,20.6,21,14.6
27/07/2022,4:06,20.9,21,14.7
27/07/2022,4:07,21,21,14.8
27/07/2022,4:07,21,21,14.7
27/07/2022,4:08,21.1,21,15
27/07/2022,4:08,21.2,21,15
27/07/2022,4:09,21.2,21,15.2
27/07/2022,4:09,21.1,21,15.2
27/07/2022,4:10,21.1,21,15.1
27/07/2022,4:10,21.2,21,15.1
27/07/2022,4:11,21.3,21,15.1
27/07/2022,4:11,21.3,21,15
27/07/2022,4:12,21.2,21,15
27/07/2022,4:12,21,21,15
27/07/2022,4:13,21.1,21,15.1
27/07/2022,4:13,21.1,21,15.1
27/07/2022,4:14,21.2,21,15
27/07/2022,4:14,21.3,21,15.3
27/07/2022,4:15,21.2,21,15.5
27/07/2022,4:15,21.1,21,15.3
27/07/2022,4:16,21.1,21,15.2
27/07/2022,4:16,21,21,15.2
27/07/2022,4:17,21,21,14.9
27/07/2022,4:17,21.1,21,15
27/07/2022,4:18,21.2,21,15
27/07/2022,4:18,21.2,21,15.4
27/07/2022,4:19,21.2,21,15.3
27/07/2022,4:19,21.2,21,15.2
27/07/2022,4:20,21.3,21,14.9
27/07/2022,4:20,21.2,21,15.3
27/07/2022,4:21,21.2,21,15.3
27/07/2022,4:21,21.3,21,15.1
27/07/2022,4:22,21.2,21,15.1
27/07/2022,4:22,21,21,15.1
27/07/2022,4:23,20.7,21,15.1
27/07/2022,4:23,20.4,21,15.3
27/07/2022,4:24,20.1,21,15.4
27/07/2022,4:24,19.9,21,15.6
27/07/2022,4:25,19.9,21,15.6
27/07/2022,4:25,19.9,21,15.5
27/07/2022,4:26,19.9,21,15.4
27/07/2022,4:26,20,21,15.1
27/07/2022,4:27,20.2,21,14.5
27/07/2022,4:27,20.6,21,14.4
27/07/2022,4:28,20.8,21,14.7
27/07/2022,4:28,21.1,21,14.9
27/07/2022,4:29,21.2,21,14.9
27/07/2022,4:29,21.3,21,15.1
27/07/2022,4:30,21.1,21,15.1
27/07/2022,4:30,21.2,21,15.3
27/07/2022,4:31,21.2,21,15.2
27/07/2022,4:31,21.2,21,15.3
27/07/2022,4:32,21.3,21,15.3
27/07/2022,4:32,21.2,21,15.2
27/07/2022,4:33,21.1,21,15.2
27/07/2022,4:33,21.2,21,15.2
27/07/2022,4:34,21.1,21,15.1
27/07/2022,4:34,21.2,21,15
27/07/2022,4:35,21.1,21,14.9
27/07/2022,4:35,21,21,14.7
27/07/2022,4:36,21,21,14.8
27/07/2022,4:36,21.1,21,14.9
27/07/2022,4:37,21.2,21,15
27/07/2022,4:37,21.3,21,15.3
27/07/2022,4:38,21.5,21,15.1
27/07/2022,4:38,21.6,21,14.9
27/07/2022,4:39,21.4,21,14.8
27/07/2022,4:39,21.2,21,14.9
27/07/2022,4:40,20.8,21,15
27/07/2022,4:40,20.4,21,15.2
27/07/2022,4:41,20.1,21,15.4
27/07/2022,4:41,20,21,15.4
27/07/2022,4:42,20,21,15.3
27/07/2022,4:42,19.8,21,15.1
27/07/2022,4:43,19.8,21,14.7
27/07/2022,4:43,20.2,21,14.4
27/07/2022,4:44,20.6,21,14.4
27/07/2022,4:44,20.9,21,14.5
27/07/2022,4:45,21.1,21,14.5
27/07/2022,4:45,21.3,21,14.6
27/07/2022,4:46,21.1,21,14.8
27/07/2022,4:46,21.1,21,15.2
27/07/2022,4:47,21.2,21,15.3
27/07/2022,4:47,21.3,21,15
27/07/2022,4:48,21.3,21,14.9
27/07/2022,4:48,21.1,21,14.9
27/07/2022,4:49,21.2,21,14.6
27/07/2022,4:49,21.3,21,14.8
27/07/2022,4:50,21.2,21,14.9
27/07/2022,4:50,21.2,21,15.1
27/07/2022,4:51,21.2,21,15.2
27/07/2022,4:51,21.3,21,15.4
27/07/2022,4:52,21.2,21,15.1
27/07/2022,4:52,21.2,21,15.2
27/07/2022,4:53,21.3,21,15
27/07/2022,4:53,21.2,21,14.6
27/07/2022,4:54,21.3,21,14.7
27/07/2022,4:54,21.3,21,14.9
27/07/2022,4:55,21.1,21,15
27/07/2022,4:55,21.2,21,15
27/07/2022,4:56,21.1,21,14.9
27/07/2022,4:56,21.2,21,15
27/07/2022,4:57,21.1,21,14.7
27/07/2022,4:57,21.1,21,14.5
27/07/2022,4:58,21.1,21,14.5
27/07/2022,4:58,21.2,21,14.8
27/07/2022,4:59,21.3,21,14.9
27/07/2022,4:59,21.3,21,14.8
27/07/2022,5:00,21.3,21,14.7
27/07/2022,5:00,21.1,21,14.8
27/07/2022,5:01,21,21,14.7
27/07/2022,5:01,20.7,21,14.9
27/07/2022,5:02,20.5,21,15.1
27/07/2022,5:02,20.2,21,15.3
27/07/2022,5:03,19.9,21,15.4
27/07/2022,5:03,19.8,21,15.2
27/07/2022,5:04,19.8,21,15.2
27/07/2022,5:04,19.7,21,15.2
27/07/2022,5:05,19.9,21,15
27/07/2022,5:05,20.3,21,14.2
27/07/2022,5:06,20.5,21,14.3
27/07/2022,5:06,20.9,21,14.5
27/07/2022,5:07,21.1,21,14.3
27/07/2022,5:07,21.1,21,14.5
27/07/2022,5:08,21.2,21,14.6
27/07/2022,5:08,21.2,21,14.8
27/07/2022,5:09,21.1,21,14.8
27/07/2022,5:09,21,21,15.2
27/07/2022,5:10,21,21,15.3
27/07/2022,5:10,21,21,14.8
27/07/2022,5:11,21.1,21,14.6
27/07/2022,5:11,21,21,14.8
27/07/2022,5:12,21.1,21,14.7
27/07/2022,5:12,21.2,21,14.5
27/07/2022,5:13,21.1,21,14.5
27/07/2022,5:13,21,21,14.6
27/07/2022,5:14,21.1,21,14.6
27/07/2022,5:14,21,21,14.6
27/07/2022,5:15,21.2,21,14.5
27/07/2022,5:15,21.2,21,14.7
27/07/2022,5:16,21.2,21,14.8
27/07/2022,5:16,21.2,21,14.8
27/07/2022,5:17,21.3,21,14.7
27/07/2022,5:17,21.4,21,14.6
27/07/2022,5:18,21.5,21,14.5
27/07/2022,5:18,21.5,21,14.6
27/07/2022,5:19,21.2,21,14.5
27/07/2022,5:19,20.9,21,14.6
27/07/2022,5:20,20.6,21,14.9
27/07/2022,5:20,20.4,21,15
27/07/2022,5:21,20,21,15.2
27/07/2022,5:21,19.9,21,15.1
27/07/2022,5:22,19.8,21,15
27/07/2022,5:22,19.8,21,14.9
27/07/2022,5:23,20.1,21,14.6
27/07/2022,5:23,20.4,21,14.4
27/07/2022,5:24,20.6,21,14.3
27/07/2022,5:24,20.9,21,14.3
27/07/2022,5:25,21,21,14.3
27/07/2022,5:25,21,21,14.6
27/07/2022,5:26,21.1,21,14.9
27/07/2022,5:26,21,21,15.1
27/07/2022,5:27,21.1,21,15
27/07/2022,5:27,21.2,21,14.7
27/07/2022,5:28,21.1,21,14.7
27/07/2022,5:28,21.1,21,14.7
27/07/2022,5:29,21.1,21,14.9
27/07/2022,5:29,21.1,21,14.8
27/07/2022,5:30,21.1,21,14.9
27/07/2022,5:30,21.1,21,14.6
27/07/2022,5:31,21.1,21,14.6
27/07/2022,5:31,21.1,21,14.6
27/07/2022,5:32,21,21,14.6
27/07/2022,5:32,21.1,21,14.6
27/07/2022,5:33,20.9,21,14.6
27/07/2022,5:33,21,21,14.5
27/07/2022,5:34,21.1,21,14.5
27/07/2022,5:34,21.1,21,14.5
27/07/2022,5:35,21.2,21,14.4
27/07/2022,5:35,21.2,21,14.5
27/07/2022,5:36,21,21,14.6
27/07/2022,5:36,21.1,21,14.6
27/07/2022,5:37,21.1,21,14.6
27/07/2022,5:37,21.1,21,14.7
27/07/2022,5:38,21.2,21,14.6
27/07/2022,5:38,21.1,21,14.8
27/07/2022,5:39,21.1,21,15
27/07/2022,5:39,21.2,21,15
27/07/2022,5:40,21.1,21,15.1
27/07/2022,5:40,20.9,21,15
27/07/2022,5:41,20.7,21,15
27/07/2022,5:41,20.4,21,15.1
27/07/2022,5:42,20,21,15.2
27/07/2022,5:42,19.8,21,15.3
27/07/2022,5:43,19.8,21,15.1
27/07/2022,5:43,19.6,21,15
27/07/2022,5:44,19.5,21,14.8
27/07/2022,5:44,19.6,21,14.7
27/07/2022,5:45,19.9,21,14.3
27/07/2022,5:45,20.3,21,14.1
27/07/2022,5:46,20.6,21,14.2
27/07/2022,5:46,20.8,21,14.1
27/07/2022,5:47,21.1,21,14.1
27/07/2022,5:47,21.2,21,14.4
27/07/2022,5:48,21.2,21,14.7
27/07/2022,5:48,20.8,21,14.7
27/07/2022,5:49,20.8,21,14.1
27/07/2022,5:49,20.8,21,14.5
27/07/2022,5:50,21,21,14.6
27/07/2022,5:50,21,21,14.6
27/07/2022,5:51,21,21,14.7
27/07/2022,5:51,21,21,14.6
27/07/2022,5:52,21,21,14.6
27/07/2022,5:52,21,21,14.5
27/07/2022,5:53,21,21,14.5
27/07/2022,5:53,21.1,21,14.3
27/07/2022,5:54,21.1,21,14.4
27/07/2022,5:54,21,21,14.3
27/07/2022,5:55,21.1,21,14.4
27/07/2022,5:55,21.1,21,14.2
27/07/2022,5:56,21,21,14.2
27/07/2022,5:56,21,21,14.3
27/07/2022,5:57,21.2,21,14.3
27/07/2022,5:57,21.3,21,14.4
27/07/2022,5:58,21.3,21,14.4
27/07/2022,5:58,21.2,21,14.5
27/07/2022,5:59,21.1,21,14.4
27/07/2022,5:59,20.7,21,14.5
27/07/2022,6:00,20.4,21,14.7
27/07/2022,6:00,20,21,14.9
27/07/2022,6:01,19.9,21,15.1
27/07/2022,6:01,19.6,21,14.9
27/07/2022,6:02,19.5,21,14.7
27/07/2022,6:02,19.4,21,14.7
27/07/2022,6:03,19.6,21,14.5
27/07/2022,6:03,20.2,21,14.1
27/07/2022,6:04,20.5,21,14.1
27/07/2022,6:04,20.8,21,14.3
27/07/2022,6:05,21.1,21,14.1
27/07/2022,6:05,21.2,21,14.2
27/07/2022,6:06,21.2,21,14.5
27/07/2022,6:06,21.1,21,14.7
27/07/2022,6:07,21.2,21,14.6
27/07/2022,6:07,21.2,21,14.5
27/07/2022,6:08,21.1,21,14.6
27/07/2022,6:08,21.1,21,14.7
27/07/2022,6:09,21.1,21,14.7
27/07/2022,6:09,21.1,21,14.6
27/07/2022,6:10,21.2,21,14.5
27/07/2022,6:10,21.2,21,14.3
27/07/2022,6:11,21.1,21,14.4
27/07/2022,6:11,21.2,21,14.9
27/07/2022,6:12,20.9,21,14.8
27/07/2022,6:12,21,21,14.8
27/07/2022,6:13,21.1,21,14.7
27/07/2022,6:13,21.2,21,14.6
27/07/2022,6:14,21.3,21,14.9
27/07/2022,6:14,21.2,21,14.7
27/07/2022,6:15,21.3,21,14.9
27/07/2022,6:15,21.2,21,15
27/07/2022,6:16,21.2,21,14.7
27/07/2022,6:16,21,21,15
27/07/2022,6:17,21,21,14.9
27/07/2022,6:17,21.2,21,15.1
27/07/2022,6:18,21.2,21,15
27/07/2022,6:18,21,21,15.2
27/07/2022,6:19,21.1,21,15.2
27/07/2022,6:19,21,21,15
27/07/2022,6:20,21,21,15.1
27/07/2022,6:20,21.1,21,15.1
27/07/2022,6:21,20.9,21,15
27/07/2022,6:21,20.7,21,15
27/07/2022,6:22,20.4,21,15.1
27/07/2022,6:22,20.2,21,15.2
27/07/2022,6:23,19.9,21,15.4
27/07/2022,6:23,19.7,21,15.5
27/07/2022,6:24,19.6,21,15
27/07/2022,6:24,19.3,21,14.9
27/07/2022,6:25,19.5,21,14.9
27/07/2022,6:25,19.9,21,14.8
27/07/2022,6:26,20.3,21,14.1
27/07/2022,6:26,20.6,21,14
27/07/2022,6:27,20.9,21,14
27/07/2022,6:27,21.2,21,14.2
27/07/2022,6:28,21.2,21,14.4
27/07/2022,6:28,21.2,21,14.7
27/07/2022,6:29,21.1,21,14.7
27/07/2022,6:29,21.1,21,14.6
27/07/2022,6:30,21.1,21,14.8
27/07/2022,6:30,21.1,21,14.3
27/07/2022,6:31,21,21,14.2
27/07/2022,6:31,21,21,13.9
27/07/2022,6:32,21,21,14.2
27/07/2022,6:32,21,21,14.5
27/07/2022,6:33,21,21,14.5
27/07/2022,6:33,21,21,15.1
27/07/2022,6:34,20.9,21,15
27/07/2022,6:34,21,21,14.7
27/07/2022,6:35,21.1,21,14.5
27/07/2022,6:35,21,21,14.5
27/07/2022,6:36,21.1,21,14.5
27/07/2022,6:36,21,21,14.8
27/07/2022,6:37,21,21,14.7
27/07/2022,6:37,21.2,21,14.4
27/07/2022,6:38,21.4,21,14.4
27/07/2022,6:38,21.5,21,14.6
27/07/2022,6:39,21.3,21,14.8
27/07/2022,6:39,21.1,21,14.7
27/07/2022,6:40,20.8,21,14.8
27/07/2022,6:40,20.5,21,14.9
27/07/2022,6:41,20.3,21,15
27/07/2022,6:41,19.9,21,15.2
27/07/2022,6:42,19.7,21,14.9
27/07/2022,6:42,19.5,21,14.9
27/07/2022,6:43,19.5,21,14.9
27/07/2022,6:43,19.7,21,14.7
27/07/2022,6:44,20,21,14.6
27/07/2022,6:44,20.3,21,14.2
27/07/2022,6:45,20.7,21,14.4
27/07/2022,6:45,21.1,21,14.4
27/07/2022,6:46,21.2,21,14.1
27/07/2022,6:46,21.1,21,14.4
27/07/2022,6:47,21.1,21,14.1
27/07/2022,6:47,21.1,21,14.4
27/07/2022,6:48,21,21,14.6
27/07/2022,6:48,21.1,21,14.5
27/07/2022,6:49,21.1,21,14.6
27/07/2022,6:49,20.9,21,14.4
27/07/2022,6:50,20.9,21,14.5
27/07/2022,6:50,21.1,21,14.5
27/07/2022,6:51,21,21,14.6
27/07/2022,6:51,21,21,14.7
27/07/2022,6:52,20.9,21,14.4
27/07/2022,6:52,21,21,14.2
27/07/2022,6:53,21,21,14.6
27/07/2022,6:53,21,21,14.5
27/07/2022,6:54,20.9,21,14.9
27/07/2022,6:54,20.9,21,14.7
27/07/2022,6:55,21.1,21,14.6
27/07/2022,6:55,21.1,21,14.6
27/07/2022,6:56,21,21,14.5
27/07/2022,6:56,21.1,21,14.5
27/07/2022,6:57,21.1,21,14.5
27/07/2022,6:57,21.1,21,14.4
27/07/2022,6:58,21,21,14.6
27/07/2022,6:58,21,21,14.7
27/07/2022,6:59,20.9,21,14.8
27/07/2022,6:59,21,21,14.7
27/07/2022,7:00,20.9,21,14.8
27/07/2022,7:00,21,21,14.9
27/07/2022,7:01,21,21,14.7
27/07/2022,7:01,20.9,21,14.7
27/07/2022,7:02,20.7,21,14.6
27/07/2022,7:02,20.4,21,14.8
27/07/2022,7:03,20.1,21,14.9
27/07/2022,7:03,19.8,21,15.1
27/07/2022,7:04,19.7,21,15.2
27/07/2022,7:04,19.5,21,15
27/07/2022,7:05,19.5,21,14.9
27/07/2022,7:05,19.5,21,14.7
27/07/2022,7:06,19.7,21,14.2
27/07/2022,7:06,20,21,14
27/07/2022,7:07,20.4,21,14.1
27/07/2022,7:07,20.7,21,14.1
27/07/2022,7:08,20.9,21,14.1
27/07/2022,7:08,21.1,21,14.4
27/07/2022,7:09,21.1,21,14.4
27/07/2022,7:09,21.1,21,14.6
27/07/2022,7:10,21.1,21,14.6
27/07/2022,7:10,21,21,14.5
27/07/2022,7:11,21.1,21,14.6
27/07/2022,7:11,21.1,21,15
27/07/2022,7:12,21.1,21,14.8
27/07/2022,7:12,21,21,14.6
27/07/2022,7:13,20.9,21,14.7
27/07/2022,7:13,21,21,14.8
27/07/2022,7:14,21,21,14.9
27/07/2022,7:14,21.1,21,14.6
27/07/2022,7:15,21,21,14.7
27/07/2022,7:15,21,21,14.7
27/07/2022,7:16,21.1,21,14.6
27/07/2022,7:16,21.1,21,14.6
27/07/2022,7:17,21.1,21,14.5
27/07/2022,7:17,21.2,21,14.1
27/07/2022,7:18,21.3,21,13.9
27/07/2022,7:18,21.3,21,14.1
27/07/2022,7:19,21.4,21,14
27/07/2022,7:19,21.4,21,14.2
27/07/2022,7:20,21.4,21,14.5
27/07/2022,7:20,21.2,21,14.7
27/07/2022,7:21,21,21,14.5
27/07/2022,7:21,20.7,21,14.7
27/07/2022,7:22,20.4,21,14.8
27/07/2022,7:22,20.2,21,14.9
27/07/2022,7:23,19.8,21,15.2
27/07/2022,7:23,19.6,21,15.1
27/07/2022,7:24,19.6,21,15.1
27/07/2022,7:24,19.4,21,14.8
27/07/2022,7:25,19.7,21,14.4
27/07/2022,7:25,19.9,21,14
27/07/2022,7:26,20.2,21,14.3
27/07/2022,7:26,20.7,21,14.4
27/07/2022,7:27,21,21,14.2
27/07/2022,7:27,21.2,21,14.4
27/07/2022,7:28,21.2,21,14.4
27/07/2022,7:28,21.2,21,14.7
27/07/2022,7:29,21.2,21,14.9
27/07/2022,7:29,21,21,14.9
27/07/2022,7:30,21,21,14.7
27/07/2022,7:30,21,21,14.9
27/07/2022,7:31,21,21,15.1
27/07/2022,7:31,20.9,21,14.7
27/07/2022,7:32,20.9,21,15
27/07/2022,7:32,21,21,14.9
27/07/2022,7:33,21,21,14.7
27/07/2022,7:33,21,21,14.9
27/07/2022,7:34,21,21,15
27/07/2022,7:34,21.1,21,14.7
27/07/2022,7:35,21.2,21,14.7
27/07/2022,7:35,21.1,21,14.7
27/07/2022,7:36,21.1,21,14.7
27/07/2022,7:36,21.1,21,14.7
27/07/2022,7:37,21.1,21,14.8
27/07/2022,7:37,21.1,21,15.1
27/07/2022,7:38,21.1,21,15.3
27/07/2022,7:38,21.1,21,15.2
27/07/2022,7:39,21.2,21,15.1
27/07/2022,7:39,21.3,21,15.1
27/07/2022,7:40,21.2,21,15.2
27/07/2022,7:40,21.2,21,15.1
27/07/2022,7:41,21.2,21,14.9
27/07/2022,7:41,21.1,21,15
27/07/2022,7:42,21.2,21,15
27/07/2022,7:42,21.2,21,14.9
27/07/2022,7:43,21.2,21,15.1
27/07/2022,7:43,20.9,21,15.1
27/07/2022,7:44,20.6,21,15.1
27/07/2022,7:44,20.3,21,15.2
27/07/2022,7:45,20.1,21,15.3
27/07/2022,7:45,19.9,21,15.5
27/07/2022,7:46,19.8,21,15.6
27/07/2022,7:46,19.7,21,15.5
27/07/2022,7:47,19.6,21,15.3
27/07/2022,7:47,19.7,21,15
27/07/2022,7:48,19.9,21,14.5
27/07/2022,7:48,20.3,21,14.6
27/07/2022,7:49,20.5,21,14.5
27/07/2022,7:49,21,21,14.5
27/07/2022,7:50,21.2,21,14.5
27/07/2022,7:50,21.4,21,14.6
27/07/2022,7:51,21.3,21,15
27/07/2022,7:51,21.3,21,15.1
27/07/2022,7:52,21.2,21,15.2
27/07/2022,7:52,21.1,21,15.2
27/07/2022,7:53,21.2,21,15.3
27/07/2022,7:53,21.3,21,15.2
27/07/2022,7:54,21.1,21,15.2
27/07/2022,7:54,21.1,21,15.3
27/07/2022,7:55,21.2,21,15.3
27/07/2022,7:55,21.2,21,15.4
27/07/2022,7:56,21.1,21,15.4
27/07/2022,7:56,21.2,21,15.2
27/07/2022,7:57,21.2,21,15.2
27/07/2022,7:57,21.2,21,15.1
27/07/2022,7:58,21.2,21,14.4
27/07/2022,7:58,21.3,21,14.2
27/07/2022,7:59,21.5,21,14.5
27/07/2022,7:59,21.5,21,14.7
27/07/2022,8:00,21.3,21,14.7
27/07/2022,8:00,21,21,14.7
27/07/2022,8:01,20.6,21,14.9
27/07/2022,8:01,20.4,21,15.1
27/07/2022,8:02,20.2,21,15.2
27/07/2022,8:02,20,21,15.3
27/07/2022,8:03,19.8,21,15.4
27/07/2022,8:03,19.7,21,15.2
27/07/2022,8:04,19.9,21,15.2
27/07/2022,8:04,20.1,21,14.9
27/07/2022,8:05,20.3,21,14.2
27/07/2022,8:05,21,21,14.3
27/07/2022,8:06,21.1,21,14.1
27/07/2022,8:06,21.2,21,14.4
27/07/2022,8:07,21.2,21,14.9
27/07/2022,8:07,21.2,21,15
27/07/2022,8:08,21.2,21,15
27/07/2022,8:08,21.2,21,15
27/07/2022,8:09,21.2,21,14.7
27/07/2022,8:09,21.3,21,14.8
27/07/2022,8:10,21.2,21,14.5
27/07/2022,8:10,21.3,21,14.6
27/07/2022,8:11,21.3,21,14.6
27/07/2022,8:11,21.2,21,14.7
27/07/2022,8:12,21.2,21,14.8
27/07/2022,8:12,21.2,21,14.8
27/07/2022,8:13,21.3,21,15.1
27/07/2022,8:13,21.2,21,15.3
27/07/2022,8:14,21.2,21,15.3
27/07/2022,8:14,21.2,21,15.2
27/07/2022,8:15,21.3,21,15.4
27/07/2022,8:15,21.1,21,15.4
27/07/2022,8:16,21,21,15.1
27/07/2022,8:16,21.2,21,14.6
27/07/2022,8:17,21.2,21,14.8
27/07/2022,8:17,21.2,21,14.9
27/07/2022,8:18,21.2,21,15.2
27/07/2022,8:18,21.3,21,15.3
27/07/2022,8:19,21.3,21,15.3
27/07/2022,8:19,21.4,21,15.2
27/07/2022,8:20,21.3,21,15.2
27/07/2022,8:20,21.4,21,14.8
27/07/2022,8:21,21.3,21,15.1
27/07/2022,8:21,21.1,21,15
27/07/2022,8:22,20.9,21,15.1
27/07/2022,8:22,20.6,21,15.1
27/07/2022,8:23,20.4,21,15.3
27/07/2022,8:23,20,21,15.5
27/07/2022,8:24,19.9,21,15.6
27/07/2022,8:24,19.8,21,15.4
27/07/2022,8:25,19.7,21,15.2
27/07/2022,8:25,19.8,21,14.9
27/07/2022,8:26,20.1,21,14.6
27/07/2022,8:26,20.4,21,14.8
27/07/2022,8:27,20.8,21,14.6
27/07/2022,8:28,21,21,14.7
27/07/2022,8:28,21.2,21,14.8
27/07/2022,8:29,21.3,21,15
27/07/2022,8:29,21.2,21,15.2
27/07/2022,8:30,21.2,21,15.1
27/07/2022,8:30,21.1,21,15.1
27/07/2022,8:31,21.2,21,15.1
27/07/2022,8:31,21.2,21,15.1
27/07/2022,8:32,21.3,21,15
27/07/2022,8:32,21.3,21,15.1
27/07/2022,8:33,21.3,21,15.2
27/07/2022,8:33,21.4,21,15
27/07/2022,8:34,21.3,21,14.9
27/07/2022,8:34,21.3,21,15.1
27/07/2022,8:35,21.3,21,15
27/07/2022,8:35,21.3,21,15
27/07/2022,8:36,21.3,21,15.1
27/07/2022,8:36,21.3,21,14.8
27/07/2022,8:37,21.3,21,15
27/07/2022,8:37,21.4,21,15
27/07/2022,8:38,21.4,21,14.7
27/07/2022,8:38,21.5,21,14.6
27/07/2022,8:39,21.3,21,14.6
27/07/2022,8:39,21.2,21,14.6
27/07/2022,8:40,20.9,21,14.8
27/07/2022,8:40,20.7,21,15
27/07/2022,8:41,20.5,21,15.2
27/07/2022,8:41,20.2,21,15.5
27/07/2022,8:42,19.9,21,15.4
27/07/2022,8:42,19.8,21,15.4
27/07/2022,8:43,19.9,21,15.3
27/07/2022,8:43,20.2,21,15.2
27/07/2022,8:44,20.6,21,15.1
27/07/2022,8:44,20.9,21,14.9
27/07/2022,8:45,21.3,21,15
27/07/2022,8:45,21.4,21,15
27/07/2022,8:46,21.4,21,15
27/07/2022,8:46,21.3,21,14.9
27/07/2022,8:47,21,21,14.8
27/07/2022,8:47,20.9,21,14.9
27/07/2022,8:48,20.6,21,15.1
27/07/2022,8:48,20.4,21,15.3
27/07/2022,8:49,20.2,21,15.5
27/07/2022,8:49,20,21,15.5
27/07/2022,8:50,19.8,21,15.4
27/07/2022,8:50,19.7,21,15.4
27/07/2022,8:51,19.8,21,14.9
27/07/2022,8:51,20.3,21,14.7
27/07/2022,8:52,20.6,21,14.9
27/07/2022,8:52,21,21,14.8
27/07/2022,8:53,21.2,21,14.6
27/07/2022,8:53,21.3,21,14.5
27/07/2022,8:54,21.4,21,14.4
27/07/2022,8:54,21.3,21,14.4
27/07/2022,8:55,21,21,14.4
27/07/2022,8:55,20.8,21,14.4
27/07/2022,8:56,20.5,21,14.7
27/07/2022,8:56,20.1,21,14.9
27/07/2022,8:57,19.9,21,15.2
27/07/2022,8:57,19.8,21,15.4
27/07/2022,8:58,19.7,21,15.3
27/07/2022,8:58,19.8,21,15.3
27/07/2022,8:59,19.8,21,14.7
27/07/2022,8:59,20.2,21,14.1
27/07/2022,9:00,20.5,21,14.1
27/07/2022,9:00,20.9,21,14.5
27/07/2022,9:01,21.2,21,14.5
27/07/2022,9:01,21.2,21,14.5
27/07/2022,9:02,21.3,21,14.6
27/07/2022,9:02,21.3,21,14.9
27/07/2022,9:03,21.3,21,15
27/07/2022,9:03,21.4,21,14.7
27/07/2022,9:04,21.3,21,15
27/07/2022,9:04,21.4,21,15
27/07/2022,9:05,21.3,21,15
27/07/2022,9:05,21.5,21,15
27/07/2022,9:06,21.3,21,15.2
27/07/2022,9:06,21.2,21,15.1
27/07/2022,9:07,21,21,15.2
27/07/2022,9:07,20.7,21,15.4
27/07/2022,9:08,20.3,21,15.6
27/07/2022,9:08,20.1,21,15.8
27/07/2022,9:09,19.9,21,15.1
27/07/2022,9:09,19.7,21,14.5
27/07/2022,9:10,19.8,21,14
27/07/2022,9:10,19.8,21,13.6
27/07/2022,9:11,20.2,21,13.3
27/07/2022,9:11,20.4,21,13.4
27/07/2022,9:12,20.7,21,13.4
27/07/2022,9:12,21.1,21,13.5
27/07/2022,9:13,21.3,21,13.8
27/07/2022,9:13,21.3,21,13.8
27/07/2022,9:14,21.3,21,14.3
27/07/2022,9:14,21.2,21,14.6
27/07/2022,9:15,20.8,21,13.9
27/07/2022,9:15,19.9,21,13.5
27/07/2022,9:16,20.1,21,13.2
27/07/2022,9:16,20.2,21,13.1
27/07/2022,9:17,20.2,21,13.2
27/07/2022,9:17,20.3,21,13.2
27/07/2022,9:18,20,21,13.2
27/07/2022,9:18,19.9,21,13.2
27/07/2022,9:19,19.9,21,13.4
27/07/2022,9:19,19.8,21,13.5
27/07/2022,9:20,19.9,21,13.6
27/07/2022,9:20,20,21,13.9
27/07/2022,9:21,20,21,13.8
27/07/2022,9:21,19.6,21,13.6
27/07/2022,9:22,20.2,21,13.4
27/07/2022,9:22,20.7,21,13.5
27/07/2022,9:23,21,21,13.3
27/07/2022,9:23,21.1,21,13.2
27/07/2022,9:24,21.3,21,13.2
27/07/2022,9:24,20.9,21,13.2
27/07/2022,9:25,20.5,21,13.3
27/07/2022,9:25,20.1,21,13.8
27/07/2022,9:26,20,21,13.8
27/07/2022,9:26,20.1,21,13.7
27/07/2022,9:27,20.1,21,13.6
27/07/2022,9:27,20.4,21,13.5
27/07/2022,9:28,20.5,21,13.6
27/07/2022,9:28,20.4,21,13.9
27/07/2022,9:29,20.6,21,13.6
27/07/2022,9:29,20.8,21,13.4
27/07/2022,9:30,21.1,21,13.6
27/07/2022,9:30,21.9,21,13.7
27/07/2022,9:31,21.9,21,13.8
27/07/2022,9:31,20.8,21,13.9
27/07/2022,9:32,19.5,21,14.1
27/07/2022,9:32,18.6,21,14.4
27/07/2022,9:33,18.2,21,14.7
27/07/2022,9:33,18.3,21,15
27/07/2022,9:34,18.2,21,14.8
27/07/2022,9:34,18.1,21,14.6
27/07/2022,9:35,18.5,21,14.2
27/07/2022,9:35,19.4,21,13.8
27/07/2022,9:36,20,21,13.5
27/07/2022,9:36,20.3,21,13.8
27/07/2022,9:37,21,21,14.1
27/07/2022,9:37,21.6,21,14
27/07/2022,9:38,21.7,21,13.9
27/07/2022,9:38,21.4,21,13.9
27/07/2022,9:39,21,21,14
27/07/2022,9:39,20.8,21,14.2
27/07/2022,9:40,20.5,21,14.5
27/07/2022,9:40,20.2,21,14.7
27/07/2022,9:41,20.1,21,14.8
27/07/2022,9:41,19.9,21,14.6
27/07/2022,9:42,19.8,21,14.2
27/07/2022,9:42,19.9,21,14.1
27/07/2022,9:43,20.1,21,13.8
27/07/2022,9:43,20.5,21,13.8
27/07/2022,9:44,20.7,21,13.9
27/07/2022,9:44,20.9,21,14
27/07/2022,9:45,21.2,21,13.9
27/07/2022,9:45,21.2,21,13.8
27/07/2022,9:46,21.2,21,13.8
27/07/2022,9:46,21.2,21,13.7
27/07/2022,9:47,21.2,21,14.1
27/07/2022,9:47,21.5,21,14.3
27/07/2022,9:48,21.4,21,14.6
27/07/2022,9:48,21,21,14.5
27/07/2022,9:49,20.3,21,14.5
27/07/2022,9:49,19.9,21,14.7
27/07/2022,9:50,19.6,21,14.9
27/07/2022,9:50,19.5,21,15.1
27/07/2022,9:51,19.3,21,15.1
27/07/2022,9:51,19,21,14.6
27/07/2022,9:52,18.8,21,14.4
27/07/2022,9:52,18.9,21,14.1
27/07/2022,9:53,19.3,21,14
27/07/2022,9:53,20,21,13.8
27/07/2022,9:54,20.6,21,13.8
27/07/2022,9:54,21.2,21,14.2
27/07/2022,9:55,21.6,21,14.2
27/07/2022,9:55,21.5,21,14.2
27/07/2022,9:56,21.2,21,14.2
27/07/2022,9:56,20.8,21,14.2
27/07/2022,9:57,20.6,21,14.5
27/07/2022,9:57,20.4,21,14.7
27/07/2022,9:58,20,21,14.9
27/07/2022,9:58,19.8,21,14.7
27/07/2022,9:59,19.7,21,14.6
27/07/2022,9:59,19.6,21,14.4
27/07/2022,10:00,19.8,21,14.3
27/07/2022,10:00,20.2,21,14.4
27/07/2022,10:01,20.7,21,14.8
27/07/2022,10:01,20.7,21,14.6
27/07/2022,10:02,20.6,21,14.4
27/07/2022,10:02,21,21,14.7
27/07/2022,10:03,21.4,21,14.5
27/07/2022,10:03,21.3,21,14.3
27/07/2022,10:04,21.4,21,14.5
27/07/2022,10:04,21.4,21,14.7
27/07/2022,10:05,21.3,21,14.6
27/07/2022,10:05,21.1,21,14.7
27/07/2022,10:06,20.8,21,14.9
27/07/2022,10:06,20.5,21,15.1
27/07/2022,10:07,20.2,21,15.3
27/07/2022,10:07,20.1,21,15.2
27/07/2022,10:08,19.8,21,14.9
27/07/2022,10:08,19.7,21,14.6
27/07/2022,10:09,19.8,21,14.4
27/07/2022,10:09,20,21,14.3
27/07/2022,10:10,20.6,21,14.2
27/07/2022,10:10,21,21,14.3
27/07/2022,10:11,21.4,21,14.5
27/07/2022,10:11,21.5,21,14.5
27/07/2022,10:12,21.1,21,14.5
27/07/2022,10:12,20.9,21,14.5
27/07/2022,10:13,20.5,21,14.6
27/07/2022,10:13,20.4,21,14.8
27/07/2022,10:14,20.3,21,15
27/07/2022,10:14,20,21,15.1
27/07/2022,10:15,19.6,21,15
27/07/2022,10:15,19.7,21,14.7
27/07/2022,10:16,19.7,21,14.6
27/07/2022,10:16,20,21,14.6
27/07/2022,10:17,20.6,21,14.8
27/07/2022,10:17,21,21,15.1
27/07/2022,10:18,21.6,21,15.2
27/07/2022,10:18,21.5,21,15
27/07/2022,10:19,21.3,21,14.9
27/07/2022,10:19,20.8,21,15
27/07/2022,10:20,20.6,21,15.1
27/07/2022,10:20,20.4,21,15.3
27/07/2022,10:21,20.2,21,15.4
27/07/2022,10:21,20,21,15.4
27/07/2022,10:22,19.8,21,15.2
27/07/2022,10:22,19.7,21,15.1
27/07/2022,10:23,19.9,21,14.9
27/07/2022,10:23,20.2,21,14.7
27/07/2022,10:24,20.6,21,14.7
27/07/2022,10:24,21.2,21,14.8
27/07/2022,10:25,21.4,21,14.9
27/07/2022,10:25,21.6,21,15
27/07/2022,10:26,20.9,21,15
27/07/2022,10:26,20.8,21,15
27/07/2022,10:27,20.7,21,15
27/07/2022,10:27,20.4,21,15.1
27/07/2022,10:28,20.2,21,15.3
27/07/2022,10:28,19.9,21,15.5
27/07/2022,10:29,19.8,21,15.2
27/07/2022,10:29,19.7,21,15.1
27/07/2022,10:30,19.7,21,14.8
27/07/2022,10:30,19.9,21,14.7
27/07/2022,10:31,20.5,21,14.7
27/07/2022,10:31,20.9,21,14.9
27/07/2022,10:32,21.3,21,14.7
27/07/2022,10:32,21.6,21,14.8
27/07/2022,10:33,21.3,21,14.7
27/07/2022,10:33,21,21,14.7
27/07/2022,10:34,20.7,21,14.7
27/07/2022,10:34,20.5,21,14.9
27/07/2022,10:35,20.5,21,15
27/07/2022,10:35,20.1,21,15.3
27/07/2022,10:36,19.9,21,15.3
27/07/2022,10:36,19.6,21,15.1
27/07/2022,10:37,19.6,21,15
27/07/2022,10:37,20,21,14.9
27/07/2022,10:38,20.3,21,14.9
27/07/2022,10:38,20.8,21,14.9
27/07/2022,10:39,21.4,21,15
27/07/2022,10:39,21.6,21,14.9
27/07/2022,10:40,21.3,21,15
27/07/2022,10:40,21,21,14.9
27/07/2022,10:41,20.7,21,14.9
27/07/2022,10:41,20.4,21,15.1
27/07/2022,10:42,20.2,21,15.3
27/07/2022,10:42,20,21,15.5
27/07/2022,10:43,19.8,21,15.4
27/07/2022,10:43,19.7,21,15.2
27/07/2022,10:44,19.8,21,15.1
27/07/2022,10:44,20,21,15
27/07/2022,10:45,20.4,21,15
27/07/2022,10:45,21,21,15.1
27/07/2022,10:46,21.4,21,15.3
27/07/2022,10:46,21.6,21,15.4
27/07/2022,10:47,21.2,21,15.3
27/07/2022,10:47,20.9,21,15.2
27/07/2022,10:48,20.8,21,15.3
27/07/2022,10:48,20.5,21,15.4
27/07/2022,10:49,20.3,21,15.5
27/07/2022,10:49,20.1,21,15.7
27/07/2022,10:50,19.9,21,15.6
27/07/2022,10:50,19.7,21,15.4
27/07/2022,10:51,19.8,21,15.3
27/07/2022,10:51,20,21,15.2
27/07/2022,10:52,20.6,21,15.2
27/07/2022,10:52,21,21,15.2
27/07/2022,10:53,21.4,21,15.5
27/07/2022,10:53,21.6,21,15.7
27/07/2022,10:54,21.3,21,15.5
27/07/2022,10:54,21.2,21,15.4
27/07/2022,10:55,20.8,21,15.5
27/07/2022,10:55,20.7,21,15.5
27/07/2022,10:56,20.5,21,15.8
27/07/2022,10:56,20.3,21,15.9
27/07/2022,10:57,20,21,15.8
27/07/2022,10:57,19.8,21,15.6
27/07/2022,10:58,19.9,21,15.4
27/07/2022,10:58,20.2,21,15.2
27/07/2022,10:59,20.6,21,15.2
27/07/2022,10:59,21.2,21,15.4
27/07/2022,11:00,21.5,21,15.7
27/07/2022,11:00,21.5,21,15.8
27/07/2022,11:01,21.3,21,15.6
27/07/2022,11:01,20.9,21,15.6
27/07/2022,11:02,20.8,21,15.6
27/07/2022,11:02,20.5,21,15.7
27/07/2022,11:03,20.3,21,15.9
27/07/2022,11:03,20.1,21,15.9
27/07/2022,11:04,20.1,21,15.8
27/07/2022,11:04,19.9,21,15.7
27/07/2022,11:05,20.1,21,15.5
27/07/2022,11:05,20.3,21,15.4
27/07/2022,11:06,21,21,15.4
27/07/2022,11:06,21.5,21,15.7
27/07/2022,11:07,21.8,21,15.6
27/07/2022,11:07,21.6,21,15.4
27/07/2022,11:08,21.2,21,15.3
27/07/2022,11:08,21,21,15.3
27/07/2022,11:09,20.8,21,15.5
27/07/2022,11:09,20.7,21,15.6
27/07/2022,11:10,20.3,21,15.8
27/07/2022,11:10,20.1,21,15.8
27/07/2022,11:11,20,21,15.8
27/07/2022,11:11,20,21,15.6
27/07/2022,11:12,20.3,21,15.4
27/07/2022,11:12,20.8,21,15.3
27/07/2022,11:13,21.4,21,15.5
27/07/2022,11:13,21.6,21,15.5
27/07/2022,11:14,21.7,21,15.5
27/07/2022,11:14,21.5,21,15.3
27/07/2022,11:15,21.2,21,15.3
27/07/2022,11:15,20.9,21,15.4
27/07/2022,11:16,20.6,21,15.5
27/07/2022,11:16,20.3,21,15.8
27/07/2022,11:17,20.1,21,15.8
27/07/2022,11:17,20,21,15.9
27/07/2022,11:18,20,21,15.9
27/07/2022,11:18,20.1,21,15.5
27/07/2022,11:19,20.6,21,15.4
27/07/2022,11:19,21.2,21,15.6
27/07/2022,11:20,21.5,21,15.5
27/07/2022,11:20,21.7,21,15.6
27/07/2022,11:21,21.5,21,15.5
27/07/2022,11:21,21.3,21,15.4
27/07/2022,11:22,21.1,21,15.4
27/07/2022,11:22,20.8,21,15.5
27/07/2022,11:23,20.7,21,15.7
27/07/2022,11:23,20.5,21,15.8
27/07/2022,11:24,20.3,21,15.9
27/07/2022,11:24,20,21,15.8
27/07/2022,11:25,20,21,15.9
27/07/2022,11:25,20.4,21,15.5
27/07/2022,11:26,20.9,21,15.5
27/07/2022,11:26,21.3,21,15.4
27/07/2022,11:27,21.6,21,15.4
27/07/2022,11:27,21.7,21,15.4
27/07/2022,11:28,21.5,21,15.3
27/07/2022,11:28,21.1,21,15.2
27/07/2022,11:29,20.9,21,15.2
27/07/2022,11:29,20.7,21,15.4
27/07/2022,11:30,20.6,21,15.5
27/07/2022,11:30,20.4,21,15.8
27/07/2022,11:31,20.1,21,15.9
27/07/2022,11:31,19.9,21,15.7
27/07/2022,11:32,20.1,21,15.6
27/07/2022,11:32,20.5,21,15.5
27/07/2022,11:33,21,21,15.5
27/07/2022,11:33,21.4,21,15.6
27/07/2022,11:34,21.8,21,15.6
27/07/2022,11:34,21.6,21,15.6
27/07/2022,11:35,21.3,21,15.4
27/07/2022,11:35,21.1,21,15.4
27/07/2022,11:36,20.8,21,15.5
27/07/2022,11:36,20.8,21,15.7
27/07/2022,11:37,20.7,21,15.9
27/07/2022,11:37,20.5,21,16
27/07/2022,11:38,20.3,21,16
27/07/2022,11:38,20.3,21,15.9
27/07/2022,11:39,20.4,21,15.8
27/07/2022,11:39,21.1,21,15.6
27/07/2022,11:40,21.5,21,15.8
27/07/2022,11:40,21.8,21,16
27/07/2022,11:41,22,21,16.1
27/07/2022,11:41,21.7,21,15.8
27/07/2022,11:42,21.5,21,15.8
27/07/2022,11:42,21,21,15.9
27/07/2022,11:43,21,21,16
27/07/2022,11:43,20.8,21,16.3
27/07/2022,11:44,20.6,21,16.3
27/07/2022,11:44,20.4,21,16.2
27/07/2022,11:45,20.3,21,16
27/07/2022,11:45,20.6,21,15.8
27/07/2022,11:46,20.9,21,15.6
27/07/2022,11:46,21.4,21,15.7
27/07/2022,11:47,21.8,21,15.8
27/07/2022,11:47,21.9,21,16
27/07/2022,11:48,21.9,21,16
27/07/2022,11:48,21.7,21,15.8
27/07/2022,11:49,21.4,21,15.9
27/07/2022,11:49,21.2,21,16
27/07/2022,11:50,20.9,21,16.1
27/07/2022,11:50,20.6,21,16.3
27/07/2022,11:51,20.5,21,16.4
27/07/2022,11:51,20.3,21,16.3
27/07/2022,11:52,20.4,21,15.9
27/07/2022,11:52,20.6,21,15.8
27/07/2022,11:53,21.1,21,15.7
27/07/2022,11:53,21.7,21,15.8
27/07/2022,11:54,22,21,15.9
27/07/2022,11:54,22.2,21,16
27/07/2022,11:55,22.1,21,15.9
27/07/2022,11:55,21.7,21,15.8
27/07/2022,11:56,21.4,21,15.9
27/07/2022,11:56,21.2,21,16
27/07/2022,11:57,21,21,16.2
27/07/2022,11:57,20.8,21,16.4
27/07/2022,11:58,20.6,21,16.6
27/07/2022,11:58,20.4,21,16.5
27/07/2022,11:59,20.3,21,16.2
27/07/2022,11:59,20.5,21,16
27/07/2022,12:00,21.1,21,16
27/07/2022,12:00,21.5,21,16.2
27/07/2022,12:01,21.9,21,16.2
27/07/2022,12:01,22.1,21,16.2
27/07/2022,12:02,21.9,21,16.2
27/07/2022,12:02,21.7,21,16.1
27/07/2022,12:03,21.4,21,16.2
27/07/2022,12:03,21.1,21,16.2
27/07/2022,12:04,21,21,16.4
27/07/2022,12:04,20.8,21,16.7
27/07/2022,12:05,20.5,21,16.5
27/07/2022,12:05,20.4,21,16.5
27/07/2022,12:06,20.3,21,16.3
27/07/2022,12:06,20.7,21,16.1
27/07/2022,12:07,21.3,21,16
27/07/2022,12:07,21.7,21,16.1
27/07/2022,12:08,22,21,16.1
27/07/2022,12:08,22.3,21,16.2
27/07/2022,12:09,21.9,21,16
27/07/2022,12:09,21.6,21,16
27/07/2022,12:10,21.4,21,16.1
27/07/2022,12:10,21.2,21,16.2
27/07/2022,12:11,21.1,21,16.4
27/07/2022,12:11,20.9,21,16.6
27/07/2022,12:12,20.6,21,16.7
27/07/2022,12:12,20.5,21,16.6
27/07/2022,12:13,20.4,21,16.5
27/07/2022,12:13,20.5,21,16.1
27/07/2022,12:14,20.9,21,15.8
27/07/2022,12:14,21.4,21,16
27/07/2022,12:15,21.9,21,16.2
27/07/2022,12:15,22.2,21,16.3
27/07/2022,12:16,22.4,21,16.2
27/07/2022,12:16,22,21,16.1
27/07/2022,12:17,21.6,21,16.1
27/07/2022,12:17,21.4,21,16.2
27/07/2022,12:18,21.1,21,16.3
27/07/2022,12:18,20.9,21,16.6
27/07/2022,12:19,20.8,21,16.8
27/07/2022,12:19,20.6,21,16.7
27/07/2022,12:20,20.5,21,16.6
27/07/2022,12:20,20.4,21,16.4
27/07/2022,12:21,20.8,21,16.2
27/07/2022,12:21,21.4,21,16.1
27/07/2022,12:22,21.8,21,16.2
27/07/2022,12:22,22,21,16.5
27/07/2022,12:23,22,21,16.5
27/07/2022,12:23,21.8,21,16.4
27/07/2022,12:24,21.5,21,16.4
27/07/2022,12:24,21.2,21,16.5
27/07/2022,12:25,21.2,21,16.6
27/07/2022,12:25,20.8,21,16.8
27/07/2022,12:26,20.6,21,16.9
27/07/2022,12:26,20.4,21,16.9
27/07/2022,12:27,20.4,21,16.6
27/07/2022,12:27,20.6,21,16.4
27/07/2022,12:28,21,21,16.4
27/07/2022,12:28,21.5,21,16.4
27/07/2022,12:29,21.8,21,16.5
27/07/2022,12:29,22.1,21,16.7
27/07/2022,12:30,22.1,21,16.7
27/07/2022,12:30,21.7,21,16.5
27/07/2022,12:31,21.5,21,16.5
27/07/2022,12:31,21.2,21,16.6
27/07/2022,12:32,21.1,21,16.7
27/07/2022,12:32,20.8,21,17
27/07/2022,12:33,20.6,21,17
27/07/2022,12:33,20.6,21,16.9
27/07/2022,12:34,20.4,21,16.8
27/07/2022,12:34,20.8,21,16.6
27/07/2022,12:35,21.2,21,16.6
27/07/2022,12:35,21.7,21,16.5
27/07/2022,12:36,22.1,21,16.8
27/07/2022,12:36,22.3,21,16.8
27/07/2022,12:37,22.2,21,16.8
27/07/2022,12:37,21.8,21,16.6
27/07/2022,12:38,21.5,21,16.6
27/07/2022,12:38,21.3,21,16.7
27/07/2022,12:39,21.2,21,16.8
27/07/2022,12:39,21,21,16.9
27/07/2022,12:40,20.8,21,17.1
27/07/2022,12:40,20.7,21,17.3
27/07/2022,12:41,20.5,21,17.3
27/07/2022,12:41,20.5,21,17
27/07/2022,12:42,20.8,21,16.4
27/07/2022,12:42,21.4,21,16.2
27/07/2022,12:43,21.9,21,16.5
27/07/2022,12:43,22.1,21,16.7
27/07/2022,12:44,22.5,21,16.6
27/07/2022,12:44,22.2,21,16.7
27/07/2022,12:45,22,21,16.5
27/07/2022,12:45,21.6,21,16.5
27/07/2022,12:46,21.5,21,16.6
27/07/2022,12:46,21.3,21,16.7
27/07/2022,12:47,21,21,17
27/07/2022,12:47,20.9,21,17
27/07/2022,12:48,20.7,21,17.3
27/07/2022,12:48,20.2,21,17.5
27/07/2022,12:49,19.7,21,17.8
27/07/2022,12:49,19.1,21,17.8
27/07/2022,12:50,18.7,21,17.9
27/07/2022,12:50,18.2,21,17.9
27/07/2022,12:51,18.1,21,18
27/07/2022,12:51,18.1,21,18
27/07/2022,12:52,18.3,21,18.1
27/07/2022,12:52,18.4,21,18.1
27/07/2022,12:53,18.6,21,18.1
27/07/2022,12:53,18.8,21,18.2
27/07/2022,12:54,19.1,21,17.8
27/07/2022,12:54,19.1,21,17.5
27/07/2022,12:55,19.4,21,17.2
27/07/2022,12:55,19.7,21,17
27/07/2022,12:56,20.2,21,16.9
27/07/2022,12:56,20.8,21,17
27/07/2022,12:57,21.6,21,17
27/07/2022,12:57,21.9,21,17
27/07/2022,12:58,21.8,21,16.9
27/07/2022,12:58,21.6,21,16.8
27/07/2022,12:59,21.4,21,16.8
27/07/2022,12:59,21.1,21,16.8
27/07/2022,13:00,21,21,16.9
27/07/2022,13:00,20.6,21,17.2
27/07/2022,13:01,20.6,21,17.3
27/07/2022,13:01,20.5,21,17.3
27/07/2022,13:02,20.3,21,16.9
27/07/2022,13:02,20.6,21,16.9
27/07/2022,13:03,21.1,21,16.8
27/07/2022,13:03,21.7,21,16.8
27/07/2022,13:04,22,21,17
27/07/2022,13:04,22,21,17.1
27/07/2022,13:05,21.9,21,17
27/07/2022,13:05,21.7,21,17
27/07/2022,13:06,21.4,21,17
27/07/2022,13:06,21.3,21,17.1
27/07/2022,13:07,21.1,21,17.2
27/07/2022,13:07,20.9,21,17.3
27/07/2022,13:08,20.7,21,17.6
27/07/2022,13:08,20.5,21,17.6
27/07/2022,13:09,20.3,21,17.3
27/07/2022,13:09,20.5,21,17.1
27/07/2022,13:10,21.1,21,16.9
27/07/2022,13:10,21.7,21,16.7
27/07/2022,13:11,22,21,16.9
27/07/2022,13:11,22.3,21,17.1
27/07/2022,13:12,22.4,21,17.1
27/07/2022,13:12,22.1,21,17
27/07/2022,13:13,21.9,21,16.9
27/07/2022,13:13,21.6,21,16.9
27/07/2022,13:14,21.3,21,17.1
27/07/2022,13:14,21.1,21,17.3
27/07/2022,13:15,20.9,21,17.3
27/07/2022,13:15,20.8,21,17.5
27/07/2022,13:16,20.3,21,17.8
27/07/2022,13:16,19.7,21,18.1
27/07/2022,13:17,19.3,21,18.2
27/07/2022,13:17,18.8,21,18.2
27/07/2022,13:18,18.5,21,18.2
27/07/2022,13:18,18.2,21,18.2
27/07/2022,13:19,18.1,21,18.4
27/07/2022,13:19,18.2,21,18.4
27/07/2022,13:20,18.4,21,18.4
27/07/2022,13:20,18.7,21,18.4
27/07/2022,13:21,18.9,21,18.5
27/07/2022,13:21,19.1,21,18.2
27/07/2022,13:22,19.1,21,18
27/07/2022,13:22,19.4,21,17.6
27/07/2022,13:23,19.7,21,17.4
27/07/2022,13:23,20.1,21,17.2
27/07/2022,13:24,20.5,21,16.8
27/07/2022,13:24,21.3,21,17.1
27/07/2022,13:25,21.9,21,17.2
27/07/2022,13:25,21.8,21,17.2
27/07/2022,13:26,21.6,21,17
27/07/2022,13:26,21.5,21,16.9
27/07/2022,13:27,21.4,21,17
27/07/2022,13:27,21.2,21,17.1
27/07/2022,13:28,20.9,21,17.2
27/07/2022,13:28,20.7,21,17.4
27/07/2022,13:29,20.5,21,17.6
27/07/2022,13:29,20.4,21,17.7
27/07/2022,13:30,20.4,21,17.5
27/07/2022,13:30,20.7,21,17
27/07/2022,13:31,21.2,21,16.9
27/07/2022,13:31,21.8,21,16.8
27/07/2022,13:32,22,21,17
27/07/2022,13:32,22.1,21,17.3
27/07/2022,13:33,21.9,21,17.2
27/07/2022,13:33,21.7,21,17
27/07/2022,13:34,21.6,21,17
27/07/2022,13:34,21.4,21,17.1
27/07/2022,13:35,21.2,21,17.2
27/07/2022,13:35,21,21,17.4
27/07/2022,13:36,20.8,21,17.6
27/07/2022,13:36,20.6,21,17.7
27/07/2022,13:37,20.5,21,17.6
27/07/2022,13:37,20.6,21,17.4
27/07/2022,13:38,21,21,17.3
27/07/2022,13:38,21.4,21,17
27/07/2022,13:39,21.8,21,16.8
27/07/2022,13:39,22.3,21,17
27/07/2022,13:40,22.4,21,17.3
27/07/2022,13:40,22.2,21,17.1
27/07/2022,13:41,22.1,21,17.1
27/07/2022,13:41,21.8,21,17.1
27/07/2022,13:42,21.6,21,17.2
27/07/2022,13:42,21.4,21,17.3
27/07/2022,13:43,21.2,21,17.4
27/07/2022,13:43,21,21,17.6
27/07/2022,13:44,20.7,21,17.9
27/07/2022,13:44,20,21,18.2
27/07/2022,13:45,19.6,21,18.4
27/07/2022,13:45,19.2,21,18.4
27/07/2022,13:46,18.8,21,18.5
27/07/2022,13:46,18.5,21,18.5
27/07/2022,13:47,18.4,21,18.7
27/07/2022,13:47,18.3,21,18.8
27/07/2022,13:48,18.6,21,18.8
27/07/2022,13:48,18.8,21,18.8
27/07/2022,13:49,19.1,21,18.7
27/07/2022,13:49,19.2,21,18.8
27/07/2022,13:50,19.3,21,18.2
27/07/2022,13:50,19.5,21,17.9
27/07/2022,13:51,19.8,21,17.6
27/07/2022,13:51,20,21,17.5
27/07/2022,13:52,19.9,21,17.3
27/07/2022,13:52,19.8,21,17.2
27/07/2022,13:53,19.7,21,17.3
27/07/2022,13:53,19.6,21,17.4
27/07/2022,13:54,19.5,21,17.5
27/07/2022,13:54,19.5,21,17.6
27/07/2022,13:55,19.4,21,17.7
27/07/2022,13:55,19.4,21,17.8
27/07/2022,13:56,19.3,21,17.8
27/07/2022,13:56,19.3,21,17.9
27/07/2022,13:57,19.4,21,17.9
27/07/2022,13:57,19.3,21,18
27/07/2022,13:58,19.3,21,18.1
27/07/2022,13:58,19.3,21,18.1
27/07/2022,13:59,19.2,21,18.1
27/07/2022,13:59,19.2,21,18.1
27/07/2022,14:00,19.2,21,18.2
27/07/2022,14:00,19.1,21,18.2
27/07/2022,14:01,19.1,21,18.3
27/07/2022,14:01,19.1,21,18.3
27/07/2022,14:02,19.1,21,18.3
27/07/2022,14:02,19.1,21,18.3
27/07/2022,14:03,19.1,21,18.3
27/07/2022,14:03,19.1,21,18.4
27/07/2022,14:04,19.2,21,18.4
27/07/2022,14:04,19.1,21,18.4
27/07/2022,14:05,19.1,21,18.4
27/07/2022,14:05,19.1,21,18.4
27/07/2022,14:06,19.1,21,18.4
27/07/2022,14:06,19.1,21,18.5
27/07/2022,14:07,19.1,21,18.4
27/07/2022,14:07,19,21,18.5
27/07/2022,14:08,19.1,21,18.5
27/07/2022,14:08,19.1,21,18.5
27/07/2022,14:09,19,21,18.5
27/07/2022,14:09,19.1,21,18.5
27/07/2022,14:10,19.1,21,18.5
27/07/2022,14:10,19.1,21,18.5
27/07/2022,14:11,19.2,21,18.6
27/07/2022,14:11,19.1,21,18.6
27/07/2022,14:12,19.1,21,18.5
27/07/2022,14:12,19,21,18.6
27/07/2022,14:13,19,21,18.6
27/07/2022,14:13,19,21,18.6
27/07/2022,14:14,19,21,18.6
27/07/2022,14:14,19,21,18.6
27/07/2022,14:15,19,21,18.6
27/07/2022,14:15,19,21,18.6
