15/6/2022,16:38,27.5,29.5,17.8,23.07
15/6/2022,16:38,27.5,29.5,17.9,23.07
15/6/2022,16:39,27.5,29.5,18.0,23.07
15/6/2022,16:39,27.5,29.5,18.0,23.07
15/6/2022,16:39,27.5,29.5,17.9,23.07
15/6/2022,16:39,27.4,29.5,17.9,23.07
15/6/2022,16:39,27.4,29.5,17.9,22.87
15/6/2022,16:40,27.4,29.5,17.8,22.87
15/6/2022,16:40,27.4,29.5,17.7,22.87
15/6/2022,16:40,27.3,29.5,17.8,22.87
15/6/2022,16:40,27.3,29.5,18.0,23.07
15/6/2022,16:40,27.4,29.5,18.0,23.07
15/6/2022,16:40,27.5,29.5,17.9,23.07
15/6/2022,16:41,27.5,29.5,18.0,23.07
15/6/2022,16:41,27.4,29.5,18.1,23.07
15/6/2022,16:41,27.4,29.5,18.0,23.09
15/6/2022,16:41,27.4,29.5,18.0,23.09
15/6/2022,16:41,27.4,29.5,17.9,23.09
15/6/2022,16:41,27.4,29.5,17.9,23.09
15/6/2022,16:42,27.4,29.5,18.0,23.09
15/6/2022,16:42,27.4,29.5,18.0,23.09
15/6/2022,16:42,27.3,29.5,18.0,23.09
15/6/2022,16:42,27.2,29.5,18.0,23.11
15/6/2022,16:42,27.4,29.5,17.9,23.11
15/6/2022,16:42,27.4,29.5,17.8,23.11
15/6/2022,16:43,27.4,29.5,17.9,23.17
15/6/2022,16:43,27.2,29.5,17.9,23.79
15/6/2022,16:43,27.2,29.5,17.8,23.79
15/6/2022,16:43,27.3,29.5,17.9,23.79
15/6/2022,16:43,27.3,29.5,17.9,23.79
15/6/2022,16:43,27.3,29.5,17.9,23.79
15/6/2022,16:43,27.3,29.5,17.8,23.79
15/6/2022,16:44,27.4,29.5,17.8,23.79
15/6/2022,16:44,27.4,29.5,17.8,23.79
15/6/2022,16:44,27.3,29.5,17.8,23.79
15/6/2022,16:44,27.3,29.5,17.8,23.79
15/6/2022,16:44,27.3,29.5,17.8,23.79
15/6/2022,16:44,27.4,29.5,17.8,23.79
15/6/2022,16:44,27.2,29.5,17.8,23.92
15/6/2022,16:44,27.2,29.5,17.8,23.92
15/6/2022,16:47,27.4,29.5,17.7,24.35
15/6/2022,16:48,27.4,29.5,17.5,24.35
15/6/2022,16:49,27.3,29.5,17.4,24.19
15/6/2022,16:50,27.2,29.5,17.5,24.19
15/6/2022,16:51,26.9,29.5,17.6,24.19
15/6/2022,16:52,27.3,29.5,17.6,24.19
15/6/2022,16:53,27.4,29.5,17.4,24.19
15/6/2022,16:54,27.3,29.5,16.7,24.19
15/6/2022,16:55,27.3,29.5,16.8,24.19
15/6/2022,16:56,27.2,29.5,17.0,24.4
15/6/2022,16:57,27.1,29.5,16.3,24.4
15/6/2022,16:58,27.3,29.5,16.6,24.4
15/6/2022,16:59,27.0,29.5,16.7,24.4
15/6/2022,17:0,27.0,29.0,16.9,24.4
15/6/2022,17:1,27.1,29.0,16.6,24.4
15/6/2022,17:2,27.3,29.0,16.5,24.4
15/6/2022,17:3,27.0,29.0,16.9,24.4
15/6/2022,17:4,27.1,29.0,17.1,24.4
15/6/2022,17:5,27.3,29.0,16.7,24.4
15/6/2022,17:6,27.4,29.0,16.8,24.4
15/6/2022,17:7,27.3,29.0,16.8,24.4
15/6/2022,17:8,27.2,29.0,17.1,24.4
15/6/2022,17:9,27.0,29.0,16.9,24.4
15/6/2022,17:10,26.9,29.0,16.8,24.4
15/6/2022,17:11,26.7,29.0,17.2,24.47
15/6/2022,17:12,26.9,29.0,17.3,24.47
15/6/2022,17:13,27.0,29.0,17.2,24.47
15/6/2022,17:14,27.2,29.0,17.2,24.47
15/6/2022,17:15,27.2,29.0,17.1,24.47
15/6/2022,17:16,27.3,29.0,17.3,24.47
15/6/2022,17:17,27.2,29.0,17.1,24.47
15/6/2022,17:18,27.2,29.0,17.2,24.47
15/6/2022,17:19,27.0,29.0,17.3,24.47
15/6/2022,17:20,27.1,29.0,17.1,24.47
15/6/2022,17:21,27.5,29.0,17.2,24.47
15/6/2022,17:22,27.5,29.0,17.1,24.47
15/6/2022,17:23,27.2,29.0,17.1,24.47
15/6/2022,17:24,27.4,29.0,17.1,24.47
15/6/2022,17:26,27.0,29.0,17.1,24.47
15/6/2022,17:27,26.9,29.0,17.2,24.07
15/6/2022,17:28,27.0,29.0,17.2,23.99
15/6/2022,17:29,27.2,29.0,16.9,24.05
15/6/2022,17:30,27.2,28.5,16.9,24.05
15/6/2022,17:31,27.1,28.5,17.1,24.05
15/6/2022,17:32,27.3,28.5,17.2,24.05
15/6/2022,17:33,27.2,28.5,17.1,24.05
15/6/2022,17:34,27.3,28.5,17.1,24.05
15/6/2022,17:35,27.3,28.5,16.9,24.05
15/6/2022,17:36,27.1,28.5,16.9,24.05
15/6/2022,17:37,27.2,28.5,16.9,24.05
15/6/2022,17:38,27.2,28.5,17.1,24.05
15/6/2022,17:39,27.3,28.5,17.1,24.05
15/6/2022,17:40,27.3,28.5,17.0,24.22
15/6/2022,17:41,27.3,28.5,16.8,24.22
15/6/2022,17:42,27.1,28.5,16.9,24.22
15/6/2022,17:43,27.0,28.5,16.8,24.22
15/6/2022,17:44,27.2,28.5,17.0,24.22
15/6/2022,17:45,27.2,28.5,16.8,24.22
15/6/2022,17:46,27.2,28.5,16.9,24.22
15/6/2022,17:47,26.9,28.5,16.9,24.22
15/6/2022,17:48,27.2,28.5,16.8,24.22
15/6/2022,17:49,27.2,28.5,16.8,24.22
15/6/2022,17:50,26.9,28.5,17.0,24.22
15/6/2022,17:51,27.1,28.5,17.1,24.22
15/6/2022,17:52,27.2,28.5,16.9,24.22
15/6/2022,17:53,27.1,28.5,17.0,24.22
15/6/2022,17:54,26.9,28.5,16.9,24.44
15/6/2022,17:55,26.8,28.5,17.0,24.44
15/6/2022,17:56,26.9,28.5,17.0,24.44
15/6/2022,17:57,26.8,28.5,16.7,24.44
15/6/2022,17:58,26.9,28.5,16.6,24.44
15/6/2022,17:59,27.1,28.5,16.8,24.44
15/6/2022,18:0,27.0,28.0,17.1,24.44
15/6/2022,18:1,27.0,28.0,16.9,24.44
15/6/2022,18:2,26.9,28.0,16.8,24.72
15/6/2022,18:3,27.0,28.0,16.9,24.72
15/6/2022,18:4,26.9,28.0,16.5,24.72
15/6/2022,18:5,27.0,28.0,16.6,24.72
15/6/2022,18:6,27.0,28.0,16.7,24.72
15/6/2022,18:7,27.0,28.0,16.7,24.72
15/6/2022,18:8,27.1,28.0,16.6,24.72
15/6/2022,18:9,27.0,28.0,16.7,24.72
15/6/2022,18:10,26.9,28.0,16.4,24.72
15/6/2022,18:11,26.7,28.0,16.7,24.72
15/6/2022,18:12,26.8,28.0,16.7,24.72
15/6/2022,18:13,26.8,28.0,16.6,24.72
15/6/2022,18:14,26.4,28.0,16.6,24.72
15/6/2022,18:15,26.6,28.0,16.5,24.72
15/6/2022,18:16,26.8,28.0,16.4,24.72
15/6/2022,18:17,26.8,28.0,16.7,24.04
15/6/2022,18:18,26.7,28.0,16.6,24.04
15/6/2022,18:19,26.7,28.0,16.4,24.04
15/6/2022,18:20,26.8,28.0,16.5,24.04
15/6/2022,18:21,26.6,28.0,16.3,24.04
15/6/2022,18:22,26.7,28.0,16.5,24.04
15/6/2022,18:23,26.7,28.0,16.6,24.04
15/6/2022,18:24,26.7,28.0,16.6,24.04
15/6/2022,18:25,26.5,28.0,16.2,24.04
15/6/2022,18:26,26.5,28.0,16.4,24.04
15/6/2022,18:27,26.4,28.0,16.3,24.04
15/6/2022,18:28,26.6,28.0,16.3,24.04
15/6/2022,18:29,26.7,28.0,16.3,24.04
15/6/2022,18:30,26.7,27.5,16.4,24.04
15/6/2022,18:31,26.5,27.5,16.5,24.04
15/6/2022,18:32,26.5,27.5,16.4,24.04
15/6/2022,18:33,26.5,27.5,16.5,24.04
15/6/2022,18:34,26.4,27.5,16.5,24.04
15/6/2022,18:35,26.7,27.5,16.3,24.04
15/6/2022,18:36,26.8,27.5,16.1,24.04
15/6/2022,18:37,26.5,27.5,16.3,24.04
15/6/2022,18:38,26.5,27.5,16.3,24.04
15/6/2022,18:39,26.4,27.5,16.2,24.04
15/6/2022,18:40,26.5,27.5,16.3,24.04
15/6/2022,18:41,26.5,27.5,16.4,24.04
15/6/2022,18:42,26.5,27.5,16.4,24.04
15/6/2022,18:43,26.7,27.5,16.5,24.04
15/6/2022,18:44,26.7,27.5,16.4,24.04
15/6/2022,18:45,26.8,27.5,16.4,24.04
15/6/2022,18:46,26.6,27.5,16.3,24.04
15/6/2022,18:47,26.5,27.5,16.3,24.04
15/6/2022,18:48,26.6,27.5,16.5,24.04
15/6/2022,18:49,26.6,27.5,16.5,24.04
15/6/2022,18:50,26.5,27.5,16.3,24.04
15/6/2022,18:51,26.6,27.5,16.5,24.04
15/6/2022,18:52,26.7,27.5,16.4,24.04
15/6/2022,18:53,26.4,27.5,16.3,24.04
15/6/2022,18:54,26.7,27.5,16.3,24.04
15/6/2022,18:55,26.7,27.5,16.3,24.04
15/6/2022,18:56,26.6,27.5,16.5,24.04
15/6/2022,18:57,26.6,27.5,16.3,24.04
15/6/2022,18:58,26.7,27.5,16.2,24.04
15/6/2022,18:59,26.7,27.5,16.2,24.04
15/6/2022,19:0,26.8,27.0,16.3,24.22
15/6/2022,19:1,26.7,27.0,16.2,24.22
15/6/2022,19:2,26.7,27.0,16.1,24.22
15/6/2022,19:3,26.4,27.0,16.4,24.22
15/6/2022,19:4,26.8,27.0,16.2,24.22
15/6/2022,19:5,26.7,27.0,16.4,24.22
15/6/2022,19:6,26.6,27.0,16.5,24.22
15/6/2022,19:7,26.6,27.0,16.3,24.18
15/6/2022,19:8,26.5,27.0,16.2,24.18
15/6/2022,19:9,26.6,27.0,16.2,24.18
15/6/2022,19:10,26.7,27.0,16.3,24.18
15/6/2022,19:11,26.3,27.0,16.3,24.18
15/6/2022,19:12,26.5,27.0,16.5,24.18
15/6/2022,19:13,26.3,27.0,16.4,24.18
15/6/2022,19:14,26.3,27.0,16.3,24.18
15/6/2022,19:15,26.4,27.0,16.0,24.0
15/6/2022,19:16,26.8,27.0,16.2,23.89
15/6/2022,19:17,26.7,27.0,16.4,23.89
15/6/2022,19:18,26.5,27.0,16.2,23.89
15/6/2022,19:19,26.6,27.0,16.1,23.89
15/6/2022,19:20,26.6,27.0,16.3,23.89
15/6/2022,19:21,26.6,27.0,16.6,24.17
15/6/2022,19:22,26.5,27.0,16.3,24.17
15/6/2022,19:23,26.6,27.0,16.3,24.17
15/6/2022,19:24,26.3,27.0,16.1,24.17
15/6/2022,19:25,26.4,27.0,16.2,24.17
15/6/2022,19:26,26.3,27.0,16.2,24.17
15/6/2022,19:27,26.4,27.0,16.2,24.17
15/6/2022,19:28,26.5,27.0,16.2,24.17
15/6/2022,19:29,26.5,27.0,16.2,24.17
15/6/2022,19:30,26.5,26.0,16.1,24.17
15/6/2022,19:31,26.0,26.0,16.2,24.17
15/6/2022,19:32,25.6,26.0,16.4,24.17
15/6/2022,19:33,25.4,26.0,17.0,24.17
15/6/2022,19:34,25.5,26.0,17.2,24.17
15/6/2022,19:35,25.2,26.0,16.9,24.17
15/6/2022,19:36,25.3,26.0,16.4,24.37
15/6/2022,19:37,25.4,26.0,16.0,24.37
15/6/2022,19:38,25.4,26.0,16.7,24.37
15/6/2022,19:39,25.4,26.0,16.9,24.35
15/6/2022,19:40,25.5,26.0,16.8,24.35
15/6/2022,19:41,25.3,26.0,16.8,24.35
15/6/2022,19:42,25.4,26.0,16.8,24.35
15/6/2022,19:43,25.4,26.0,16.6,24.35
15/6/2022,19:44,25.5,26.0,16.8,24.35
15/6/2022,19:45,25.5,26.0,16.7,24.35
15/6/2022,19:46,25.6,26.0,16.8,24.35
15/6/2022,19:47,25.4,26.0,16.7,24.35
15/6/2022,19:48,25.6,26.0,16.7,24.35
15/6/2022,19:49,25.5,26.0,16.6,24.35
15/6/2022,19:50,25.4,26.0,16.6,24.35
15/6/2022,19:51,25.4,26.0,16.6,24.0
15/6/2022,19:52,25.7,26.0,16.6,24.0
15/6/2022,19:53,25.6,26.0,16.6,24.0
15/6/2022,19:54,25.7,26.0,16.8,24.0
15/6/2022,19:55,25.6,26.0,16.8,24.0
15/6/2022,19:56,25.4,26.0,16.8,24.0
15/6/2022,19:57,25.5,26.0,16.6,24.0
15/6/2022,19:58,25.8,26.0,16.7,24.0
15/6/2022,19:59,25.6,26.0,16.7,24.0
15/6/2022,20:0,25.5,25.0,16.5,24.0
15/6/2022,20:1,25.4,25.0,16.7,24.0
15/6/2022,20:2,25.2,25.0,16.7,24.0
15/6/2022,20:3,25.1,25.0,17.2,24.0
15/6/2022,20:4,25.3,25.0,17.6,24.0
15/6/2022,20:5,25.2,25.0,18.2,24.0
15/6/2022,20:6,24.9,25.0,18.4,24.0
15/6/2022,20:7,24.9,25.0,17.8,24.0
15/6/2022,20:8,24.4,25.0,17.3,25.56
15/6/2022,20:9,24.7,25.0,16.6,25.56
15/6/2022,20:10,24.9,25.0,16.1,25.56
15/6/2022,20:11,25.0,25.0,16.6,25.56
15/6/2022,20:12,25.0,25.0,16.8,25.56
15/6/2022,20:13,25.0,25.0,17.1,25.62
15/6/2022,20:14,25.0,25.0,16.8,25.62
15/6/2022,20:15,25.0,25.0,16.7,25.62
15/6/2022,20:16,25.1,25.0,16.8,25.62
15/6/2022,20:17,24.9,25.0,16.9,25.62
15/6/2022,20:18,25.0,25.0,16.8,25.62
15/6/2022,20:19,25.1,25.0,16.9,25.62
15/6/2022,20:20,25.0,25.0,16.8,25.62
15/6/2022,20:21,25.0,25.0,16.7,25.62
15/6/2022,20:22,25.0,25.0,16.8,25.62
15/6/2022,20:23,25.0,25.0,16.8,25.62
15/6/2022,20:24,24.8,25.0,16.7,25.62
15/6/2022,20:25,24.9,25.0,16.9,25.62
15/6/2022,20:26,24.8,25.0,17.2,25.62
15/6/2022,20:27,24.6,25.0,17.1,25.49
15/6/2022,20:28,24.1,25.0,16.9,25.49
15/6/2022,20:29,24.5,25.0,15.8,25.49
15/6/2022,20:30,24.6,24.0,16.1,25.49
15/6/2022,20:31,24.7,24.0,16.4,25.49
15/6/2022,20:32,24.6,24.0,16.5,25.25
15/6/2022,20:33,24.5,24.0,16.9,25.25
15/6/2022,20:34,24.4,24.0,17.2,25.25
15/6/2022,20:35,23.8,24.0,17.8,25.25
15/6/2022,20:36,23.6,24.0,17.3,25.25
15/6/2022,20:37,23.8,24.0,16.5,25.25
15/6/2022,20:38,24.0,24.0,15.8,25.25
15/6/2022,20:39,24.2,24.0,16.3,25.25
15/6/2022,20:40,24.4,24.0,16.6,25.25
15/6/2022,20:41,24.4,24.0,16.5,25.25
15/6/2022,20:42,24.2,24.0,16.7,25.25
15/6/2022,20:43,24.2,24.0,17.0,25.25
15/6/2022,20:44,23.7,24.0,17.6,25.25
15/6/2022,20:45,23.4,24.0,17.2,25.25
15/6/2022,20:46,23.6,24.0,16.5,25.25
15/6/2022,20:47,23.9,24.0,16.1,25.25
15/6/2022,20:48,24.2,24.0,16.5,25.25
15/6/2022,20:49,24.4,24.0,16.7,25.25
15/6/2022,20:50,24.4,24.0,16.7,25.25
15/6/2022,20:51,24.4,24.0,16.6,25.25
15/6/2022,20:52,24.2,24.0,16.8,25.25
15/6/2022,20:53,23.9,24.0,17.1,25.25
15/6/2022,20:54,23.6,24.0,17.2,25.25
15/6/2022,20:55,23.4,24.0,16.8,25.25
15/6/2022,20:56,23.9,24.0,15.8,25.25
15/6/2022,20:57,24.3,24.0,16.3,24.78
15/6/2022,20:58,24.5,24.0,16.7,24.78
15/6/2022,20:59,24.4,24.0,16.8,24.78
15/6/2022,21:0,24.2,23.0,16.8,24.78
15/6/2022,21:1,24.0,23.0,16.9,24.78
15/6/2022,21:2,23.6,23.0,17.3,24.77
15/6/2022,21:3,23.4,23.0,17.7,24.77
15/6/2022,21:4,23.1,23.0,18.0,24.77
15/6/2022,21:5,23.1,23.0,18.3,24.77
15/6/2022,21:6,23.0,23.0,18.4,24.77
15/6/2022,21:7,22.9,23.0,18.6,24.77
15/6/2022,21:8,22.9,23.0,17.6,24.79
15/6/2022,21:9,23.1,23.0,16.8,24.79
15/6/2022,21:10,23.5,23.0,15.9,24.79
15/6/2022,21:11,23.7,23.0,16.3,24.79
15/6/2022,21:12,23.8,23.0,16.3,24.79
15/6/2022,21:13,23.7,23.0,16.4,24.79
15/6/2022,21:14,23.3,23.0,16.8,24.79
15/6/2022,21:15,23.0,23.0,17.3,24.79
15/6/2022,21:16,23.0,23.0,17.7,24.79
15/6/2022,21:17,23.1,23.0,18.0,24.79
15/6/2022,21:18,22.9,23.0,18.2,24.61
15/6/2022,21:19,22.9,23.0,17.5,24.61
15/6/2022,21:20,23.0,23.0,16.7,24.61
15/6/2022,21:21,23.4,23.0,15.7,24.61
15/6/2022,21:22,23.7,23.0,16.5,24.93
15/6/2022,21:24,23.6,23.0,16.3,24.93
15/6/2022,21:25,23.5,23.0,16.4,24.93
15/6/2022,21:26,23.3,23.0,16.7,24.93
15/6/2022,21:27,22.9,23.0,17.1,24.74
15/6/2022,21:28,22.7,23.0,17.3,24.74
15/6/2022,21:29,22.9,23.0,17.1,24.74
15/6/2022,21:30,23.1,22.0,16.2,24.74
15/6/2022,21:31,23.6,22.0,16.2,24.74
15/6/2022,21:32,23.6,22.0,16.5,24.74
15/6/2022,21:33,23.5,22.0,16.4,24.74
15/6/2022,21:34,23.2,22.0,16.5,24.74
15/6/2022,21:35,23.0,22.0,16.9,24.74
15/6/2022,21:36,22.7,22.0,17.2,24.74
15/6/2022,21:37,22.0,22.0,17.4,24.74
15/6/2022,21:38,21.3,22.0,17.6,24.74
15/6/2022,21:39,21.2,22.0,17.7,24.74
15/6/2022,21:40,21.6,22.0,17.8,24.74
15/6/2022,21:41,21.8,22.0,17.9,24.74
15/6/2022,21:42,21.9,22.0,18.0,24.74
15/6/2022,21:43,22.1,22.0,18.0,24.74
15/6/2022,21:44,22.1,22.0,17.5,24.74
15/6/2022,21:45,22.0,22.0,17.3,24.74
16/6/2022,9:23,21.8,28.0,16.4,24.74
16/6/2022,9:25,21.5,28.0,16.8,24.74
16/6/2022,9:31,24.4,28.5,16.1
16/6/2022,9:31,24.3,28.5,16.2
16/6/2022,9:31,24.4,28.5,16.2
16/6/2022,9:31,24.4,28.5,16.2
16/6/2022,9:31,24.4,28.5,16.3
16/6/2022,9:31,24.4,28.5,16.3
16/6/2022,9:32,24.4,28.5,16.3
16/6/2022,9:32,24.4,28.5,16.3
16/6/2022,9:32,24.4,28.5,16.2
16/6/2022,9:32,24.5,28.5,16.3
16/6/2022,9:32,24.6,28.5,16.3
16/6/2022,9:32,24.6,28.5,16.3
16/6/2022,9:33,24.5,28.5,16.4
16/6/2022,9:33,24.5,28.5,16.2
16/6/2022,9:33,24.6,28.5,16.3
16/6/2022,9:33,24.6,28.5,16.2
16/6/2022,9:33,24.7,28.5,16.2
16/6/2022,9:33,24.6,28.5,16.1
16/6/2022,9:34,24.6,28.5,16.2
16/6/2022,9:34,24.6,28.5,16.2
16/6/2022,9:34,24.6,28.5,16.2
16/6/2022,9:34,24.7,28.5,16.2
16/6/2022,9:34,24.7,28.5,16.2
16/6/2022,9:34,24.7,28.5,16.1
16/6/2022,9:35,24.7,28.5,16.1
16/6/2022,9:35,24.6,28.5,16.2
16/6/2022,9:35,24.6,28.5,16.3
16/6/2022,9:35,24.6,28.5,16.3
16/6/2022,9:35,24.7,28.5,16.3
16/6/2022,9:35,24.6,28.5,16.2
16/6/2022,9:36,24.5,28.5,16.3
16/6/2022,9:36,24.6,28.5,16.1
16/6/2022,9:36,24.6,28.5,16.2
16/6/2022,9:36,24.5,28.5,16.2
16/6/2022,9:36,24.6,28.5,16.2
16/6/2022,9:36,24.6,28.5,16.2
16/6/2022,9:37,24.6,28.5,16.1
16/6/2022,9:37,24.6,28.5,16.2
16/6/2022,9:37,24.6,28.5,16.2
16/6/2022,9:37,24.6,28.5,16.2
16/6/2022,9:37,24.5,28.5,16.2
16/6/2022,9:37,24.4,28.5,16.3
16/6/2022,9:38,24.4,28.5,16.2
16/6/2022,9:38,24.4,28.5,16.2
16/6/2022,9:38,24.4,28.5,16.2
16/6/2022,9:38,24.5,28.5,16.2
16/6/2022,9:38,24.5,28.5,16.2
16/6/2022,9:39,24.6,28.5,16.1
16/6/2022,9:39,24.6,28.5,16.1
16/6/2022,9:39,24.5,28.5,16.1
16/6/2022,9:39,24.6,28.5,16.1
16/6/2022,9:39,24.5,28.5,16.2
16/6/2022,9:39,24.5,28.5,16.2
16/6/2022,9:40,24.6,28.5,16.1
16/6/2022,9:40,24.6,28.5,16.1
16/6/2022,9:40,24.6,28.5,16.2
16/6/2022,9:40,24.7,28.5,16.2
16/6/2022,9:40,24.7,28.5,16.3
16/6/2022,9:40,24.7,28.5,16.2
16/6/2022,9:41,24.8,28.5,16.3
16/6/2022,9:41,24.8,28.5,16.3
16/6/2022,9:41,24.7,28.5,16.3
16/6/2022,9:41,24.7,28.5,16.3
16/6/2022,9:41,24.9,28.5,16.4
16/6/2022,9:41,24.9,28.5,16.3
16/6/2022,9:42,24.9,28.5,16.4
16/6/2022,9:42,24.8,28.5,16.3
16/6/2022,9:42,24.8,28.5,16.4
16/6/2022,9:42,24.9,28.5,16.4
16/6/2022,9:42,24.9,28.5,16.4
16/6/2022,9:42,24.9,28.5,16.4
16/6/2022,9:43,24.8,28.5,16.4
16/6/2022,9:43,24.8,28.5,16.4
16/6/2022,9:43,24.6,28.5,16.4
16/6/2022,9:43,24.6,28.5,16.4
16/6/2022,9:43,24.6,28.5,16.4
16/6/2022,9:43,24.6,28.5,16.4
16/6/2022,9:44,24.5,28.5,16.5
16/6/2022,9:44,24.5,28.5,16.5
16/6/2022,9:44,24.6,28.5,16.5
16/6/2022,9:44,24.5,28.5,16.4
16/6/2022,9:44,24.6,28.5,16.4
16/6/2022,9:44,24.6,28.5,16.4
16/6/2022,9:45,24.6,28.5,16.5
16/6/2022,9:45,24.6,28.5,16.5
16/6/2022,9:45,24.7,28.5,16.6
16/6/2022,9:45,24.8,28.5,16.7
16/6/2022,9:45,24.9,28.5,16.8
16/6/2022,9:45,24.8,28.5,16.7
16/6/2022,9:46,24.8,28.5,16.7
16/6/2022,9:46,24.7,28.5,16.7
16/6/2022,9:46,24.8,28.5,16.6
16/6/2022,9:46,24.8,28.5,16.7
16/6/2022,9:46,24.8,28.5,16.7
16/6/2022,9:47,24.8,28.5,16.6
16/6/2022,9:47,24.8,28.5,16.6
16/6/2022,9:47,24.9,28.5,16.6
16/6/2022,9:47,24.8,28.5,16.6
16/6/2022,9:47,24.8,28.5,16.5
16/6/2022,9:47,24.7,28.5,16.5
16/6/2022,9:48,24.9,28.5,16.5
16/6/2022,9:48,25.0,28.5,16.5
16/6/2022,9:48,24.9,28.5,16.7
16/6/2022,9:48,24.9,28.5,16.6
16/6/2022,9:48,24.9,28.5,16.6
16/6/2022,9:48,25.0,28.5,16.6
16/6/2022,9:49,25.0,28.5,16.6
16/6/2022,9:49,25.3,28.5,16.7
16/6/2022,9:49,25.3,28.5,16.7
16/6/2022,9:49,25.0,28.5,16.6
16/6/2022,9:49,24.8,28.5,16.6
16/6/2022,9:49,24.6,28.5,16.6
16/6/2022,9:50,24.6,28.5,16.6
16/6/2022,9:50,24.5,28.5,16.5
16/6/2022,9:50,24.5,28.5,16.7
16/6/2022,9:50,24.5,28.5,16.7
16/6/2022,9:50,24.6,28.5,16.7
16/6/2022,9:50,24.6,28.5,16.7
16/6/2022,9:51,24.6,28.5,16.7
16/6/2022,9:51,24.6,28.5,16.7
16/6/2022,9:51,24.6,28.5,16.6
16/6/2022,9:51,24.6,28.5,16.5
16/6/2022,9:51,24.7,28.5,16.5
16/6/2022,9:51,24.7,28.5,16.5
16/6/2022,9:52,24.8,28.5,16.6
16/6/2022,9:52,24.8,28.5,16.6
16/6/2022,9:52,24.9,28.5,16.7
16/6/2022,9:52,24.9,28.5,16.6
16/6/2022,9:52,24.9,28.5,16.6
16/6/2022,9:52,24.8,28.5,16.6
16/6/2022,9:53,24.9,28.5,16.5
16/6/2022,9:53,24.8,28.5,16.7
16/6/2022,9:53,24.7,28.5,16.7
16/6/2022,9:53,24.7,28.5,16.7
16/6/2022,9:53,24.7,28.5,16.7
16/6/2022,9:54,24.8,28.5,16.6
16/6/2022,9:54,24.8,28.5,16.7
16/6/2022,9:54,24.8,28.5,16.7
16/6/2022,9:54,24.8,28.5,16.7
16/6/2022,9:54,24.8,28.5,16.7
16/6/2022,9:54,24.9,28.5,16.8
16/6/2022,9:55,24.8,28.5,16.8
16/6/2022,9:55,24.8,28.5,16.8
16/6/2022,9:55,24.8,28.5,16.8
16/6/2022,9:55,24.8,28.5,16.7
16/6/2022,9:55,24.9,28.5,16.8
16/6/2022,9:55,24.9,28.5,16.7
16/6/2022,9:56,24.9,28.5,16.6
16/6/2022,9:56,24.8,28.5,16.6
16/6/2022,9:56,24.8,28.5,16.6
16/6/2022,9:56,24.9,28.5,16.6
16/6/2022,9:56,24.9,28.5,16.7
16/6/2022,9:56,25.0,28.5,16.6
16/6/2022,9:57,24.9,28.5,16.7
16/6/2022,9:57,25.0,28.5,16.7
16/6/2022,9:57,25.0,28.5,16.7
16/6/2022,9:57,24.9,28.5,16.7
16/6/2022,9:57,24.8,28.5,16.6
16/6/2022,9:57,24.9,28.5,16.6
16/6/2022,9:58,24.9,28.5,16.5
16/6/2022,9:58,25.0,28.5,16.7
16/6/2022,9:58,24.9,28.5,16.6
16/6/2022,9:58,24.8,28.5,16.7
16/6/2022,9:58,24.9,28.5,16.7
16/6/2022,9:58,24.9,28.5,16.8
16/6/2022,9:59,24.9,28.5,16.7
16/6/2022,9:59,25.0,28.5,16.7
16/6/2022,9:59,24.9,28.5,16.7
16/6/2022,9:59,24.9,28.5,16.6
16/6/2022,9:59,24.9,28.5,16.7
16/6/2022,9:59,25.0,28.5,16.8
16/6/2022,10:0,25.0,29.0,16.7
16/6/2022,10:0,25.0,29.0,16.6
16/6/2022,10:0,25.1,29.0,16.7
16/6/2022,10:0,25.0,29.0,16.8
16/6/2022,10:0,25.1,29.0,16.7
16/6/2022,10:0,25.1,29.0,16.7
16/6/2022,10:1,25.0,29.0,16.7
16/6/2022,10:1,25.1,29.0,16.6
16/6/2022,10:1,25.1,29.0,16.6
16/6/2022,10:1,25.1,29.0,16.6
16/6/2022,10:1,25.1,29.0,16.6
16/6/2022,10:2,25.1,29.0,16.7
16/6/2022,10:2,25.1,29.0,16.8
16/6/2022,10:2,25.1,29.0,16.7
16/6/2022,10:2,25.2,29.0,16.8
16/6/2022,10:2,25.2,29.0,16.8
16/6/2022,10:2,25.3,29.0,16.8
16/6/2022,10:3,25.3,29.0,16.7
16/6/2022,10:3,25.3,29.0,16.7
16/6/2022,10:3,25.3,29.0,16.7
16/6/2022,10:3,25.3,29.0,16.7
16/6/2022,10:3,25.3,29.0,16.6
16/6/2022,10:3,25.4,29.0,16.6
16/6/2022,10:4,25.4,29.0,16.7
16/6/2022,10:4,25.3,29.0,16.7
16/6/2022,10:4,25.3,29.0,16.8
16/6/2022,10:4,25.4,29.0,16.8
16/6/2022,10:4,25.4,29.0,16.8
16/6/2022,10:4,25.5,29.0,16.8
16/6/2022,10:5,25.5,29.0,16.7
16/6/2022,10:5,25.5,29.0,16.7
16/6/2022,10:5,25.5,29.0,16.7
16/6/2022,10:5,25.3,29.0,16.7
16/6/2022,10:5,25.3,29.0,16.8
16/6/2022,10:5,25.4,29.0,16.8
16/6/2022,10:6,25.3,29.0,16.8
16/6/2022,10:6,25.4,29.0,16.8
16/6/2022,10:6,25.4,29.0,16.8
16/6/2022,10:6,25.4,29.0,16.8
16/6/2022,10:6,25.3,29.0,16.8
16/6/2022,10:6,25.4,29.0,16.7
16/6/2022,10:7,25.4,29.0,16.7
16/6/2022,10:7,25.5,29.0,16.7
16/6/2022,10:7,25.5,29.0,16.6
16/6/2022,10:7,25.5,29.0,16.7
16/6/2022,10:7,25.5,29.0,16.8
16/6/2022,10:7,25.5,29.0,16.8
16/6/2022,10:8,25.6,29.0,16.8
16/6/2022,10:8,25.6,29.0,16.8
16/6/2022,10:8,25.5,29.0,16.8
16/6/2022,10:8,25.4,29.0,16.9
16/6/2022,10:8,25.4,29.0,16.8
16/6/2022,10:8,25.4,29.0,16.9
16/6/2022,10:9,25.4,29.0,16.7
16/6/2022,10:9,25.5,29.0,16.6
16/6/2022,10:9,25.6,29.0,16.7
16/6/2022,10:9,25.7,29.0,16.7
16/6/2022,10:9,25.7,29.0,16.6
16/6/2022,10:10,25.5,29.0,16.6
16/6/2022,10:10,25.5,29.0,16.7
16/6/2022,10:10,25.4,29.0,16.7
16/6/2022,10:10,25.4,29.0,16.8
16/6/2022,10:10,25.4,29.0,16.7
16/6/2022,10:10,25.4,29.0,16.8
16/6/2022,10:11,25.4,29.0,16.8
16/6/2022,10:11,25.5,29.0,16.8
16/6/2022,10:11,25.4,29.0,16.9
16/6/2022,10:11,25.5,29.0,16.8
16/6/2022,10:11,25.4,29.0,16.8
16/6/2022,10:11,25.4,29.0,16.7
16/6/2022,10:12,25.4,29.0,16.8
16/6/2022,10:12,25.4,29.0,16.7
16/6/2022,10:12,25.4,29.0,16.7
16/6/2022,10:12,25.5,29.0,16.7
16/6/2022,10:12,25.5,29.0,16.7
16/6/2022,10:12,25.5,29.0,16.6
16/6/2022,10:13,25.5,29.0,16.7
16/6/2022,10:13,25.6,29.0,16.7
16/6/2022,10:13,25.5,29.0,16.7
16/6/2022,10:13,25.5,29.0,16.7
16/6/2022,10:13,25.5,29.0,16.7
16/6/2022,10:13,25.6,29.0,16.8
16/6/2022,10:14,25.5,29.0,16.8
16/6/2022,10:14,25.5,29.0,16.9
16/6/2022,10:14,25.5,29.0,16.8
16/6/2022,10:14,25.5,29.0,16.8
16/6/2022,10:14,25.6,29.0,16.8
16/6/2022,10:14,25.6,29.0,16.7
16/6/2022,10:15,25.7,29.0,16.6
16/6/2022,10:15,25.6,29.0,16.7
16/6/2022,10:15,25.6,29.0,16.6
16/6/2022,10:15,25.6,29.0,16.7
16/6/2022,10:15,25.6,29.0,16.7
16/6/2022,10:15,25.6,29.0,16.7
16/6/2022,10:16,25.7,29.0,16.8
16/6/2022,10:16,25.7,29.0,16.9
16/6/2022,10:16,25.6,29.0,16.9
16/6/2022,10:16,25.6,29.0,16.9
16/6/2022,10:16,25.6,29.0,16.8
16/6/2022,10:16,25.6,29.0,16.8
16/6/2022,10:17,25.6,29.0,16.8
16/6/2022,10:17,25.6,29.0,16.8
16/6/2022,10:17,25.6,29.0,16.9
16/6/2022,10:17,25.7,29.0,17.0
16/6/2022,10:17,25.6,29.0,16.9
16/6/2022,10:18,25.5,29.0,16.9
16/6/2022,10:18,25.5,29.0,16.9
16/6/2022,10:18,25.5,29.0,16.8
16/6/2022,10:18,25.6,29.0,16.9
16/6/2022,10:18,25.6,29.0,16.8
16/6/2022,10:18,25.5,29.0,16.8
16/6/2022,10:19,25.5,29.0,16.8
16/6/2022,10:19,25.4,29.0,17.0
16/6/2022,10:19,25.5,29.0,17.0
16/6/2022,10:19,25.5,29.0,17.1
16/6/2022,10:19,25.4,29.0,17.1
16/6/2022,10:19,25.5,29.0,17.0
16/6/2022,10:20,25.5,29.0,17.0
16/6/2022,10:20,25.5,29.0,16.9
16/6/2022,10:20,25.5,29.0,17.0
16/6/2022,10:20,25.5,29.0,17.0
16/6/2022,10:20,25.4,29.0,17.0
16/6/2022,10:20,25.4,29.0,17.1
16/6/2022,10:21,25.4,29.0,17.1
16/6/2022,10:21,25.4,29.0,17.0
16/6/2022,10:21,25.4,29.0,17.0
16/6/2022,10:21,25.5,29.0,17.0
16/6/2022,10:21,25.6,29.0,17.0
16/6/2022,10:21,25.6,29.0,16.9
16/6/2022,10:22,25.6,29.0,17.0
16/6/2022,10:22,25.6,29.0,17.1
16/6/2022,10:22,25.6,29.0,17.1
16/6/2022,10:22,25.6,29.0,17.0
16/6/2022,10:22,25.7,29.0,17.0
16/6/2022,10:22,25.7,29.0,16.9
16/6/2022,10:23,25.7,29.0,16.8
16/6/2022,10:23,25.7,29.0,16.7
16/6/2022,10:23,25.7,29.0,16.8
16/6/2022,10:23,25.8,29.0,16.9
16/6/2022,10:23,25.8,29.0,16.8
16/6/2022,10:23,25.7,29.0,16.9
16/6/2022,10:24,25.6,29.0,16.8
16/6/2022,10:24,25.6,29.0,16.9
16/6/2022,10:24,25.5,29.0,16.9
16/6/2022,10:24,25.5,29.0,16.9
16/6/2022,10:24,25.5,29.0,17.0
16/6/2022,10:25,25.6,29.0,17.0
16/6/2022,10:25,25.6,29.0,16.9
16/6/2022,10:25,25.6,29.0,16.8
16/6/2022,10:25,25.8,29.0,16.8
16/6/2022,10:25,25.7,29.0,16.8
16/6/2022,10:25,25.8,29.0,16.8
16/6/2022,10:26,25.7,29.0,16.9
16/6/2022,10:26,25.6,29.0,16.9
16/6/2022,10:26,25.7,29.0,16.9
16/6/2022,10:26,25.6,29.0,16.9
16/6/2022,10:26,25.5,29.0,16.8
16/6/2022,10:26,25.5,29.0,16.8
16/6/2022,10:27,25.5,29.0,16.8
16/6/2022,10:27,25.5,29.0,16.8
16/6/2022,10:27,25.6,29.0,16.8
16/6/2022,10:27,25.5,29.0,16.9
16/6/2022,10:27,25.5,29.0,17.0
16/6/2022,10:27,25.6,29.0,17.0
16/6/2022,10:28,25.6,29.0,17.0
16/6/2022,10:28,25.6,29.0,17.1
16/6/2022,10:28,25.6,29.0,17.2
16/6/2022,10:28,25.6,29.0,17.0
16/6/2022,10:28,25.6,29.0,17.0
16/6/2022,10:28,25.6,29.0,16.9
16/6/2022,10:29,25.7,29.0,16.9
16/6/2022,10:29,25.7,29.0,16.9
16/6/2022,10:29,25.7,29.0,17.0
16/6/2022,10:29,25.6,29.0,16.9
16/6/2022,10:29,25.7,29.0,16.9
16/6/2022,10:29,25.8,29.0,17.0
16/6/2022,10:30,25.8,29.5,17.0
16/6/2022,10:30,25.7,29.5,17.0
16/6/2022,10:30,25.8,29.5,17.0
16/6/2022,10:30,25.7,29.5,17.0
16/6/2022,10:30,25.6,29.5,17.0
16/6/2022,10:30,25.6,29.5,17.1
16/6/2022,10:31,25.6,29.5,17.2
16/6/2022,10:31,25.7,29.5,17.2
16/6/2022,10:31,25.7,29.5,17.2
16/6/2022,10:31,25.8,29.5,17.1
16/6/2022,10:31,25.8,29.5,17.1
16/6/2022,10:31,25.7,29.5,17.1
16/6/2022,10:32,25.8,29.5,17.0
16/6/2022,10:32,25.8,29.5,17.0
16/6/2022,10:32,25.8,29.5,17.0
16/6/2022,10:32,25.8,29.5,17.1
16/6/2022,10:32,25.8,29.5,17.2
16/6/2022,10:33,25.8,29.5,17.2
16/6/2022,10:33,26.0,29.5,17.3
16/6/2022,10:33,26.0,29.5,17.3
16/6/2022,10:33,26.0,29.5,17.3
16/6/2022,10:33,26.1,29.5,17.1
16/6/2022,10:33,26.0,29.5,17.1
16/6/2022,10:34,26.0,29.5,17.3
16/6/2022,10:34,25.9,29.5,17.2
16/6/2022,10:34,25.9,29.5,17.2
16/6/2022,10:34,25.9,29.5,17.2
16/6/2022,10:34,25.9,29.5,17.1
16/6/2022,10:34,26.1,29.5,17.1
16/6/2022,10:35,26.0,29.5,17.0
16/6/2022,10:35,26.0,29.5,17.0
16/6/2022,10:35,26.0,29.5,17.1
16/6/2022,10:35,25.9,29.5,17.1
16/6/2022,10:35,25.9,29.5,17.1
16/6/2022,10:35,25.9,29.5,17.2
16/6/2022,10:36,25.9,29.5,17.2
16/6/2022,10:36,25.9,29.5,17.2
16/6/2022,10:36,25.9,29.5,17.2
16/6/2022,10:36,25.8,29.5,17.2
16/6/2022,10:36,25.7,29.5,17.2
16/6/2022,10:36,25.8,29.5,17.2
16/6/2022,10:37,25.7,29.5,17.2
16/6/2022,10:37,25.8,29.5,17.2
16/6/2022,10:37,25.9,29.5,17.2
16/6/2022,10:37,25.9,29.5,17.1
16/6/2022,10:37,25.9,29.5,17.2
16/6/2022,10:37,25.9,29.5,17.3
16/6/2022,10:38,25.9,29.5,17.3
16/6/2022,10:38,25.9,29.5,17.3
16/6/2022,10:38,25.9,29.5,17.3
16/6/2022,10:38,26.0,29.5,17.3
16/6/2022,10:38,26.0,29.5,17.2
16/6/2022,10:38,26.0,29.5,17.4
16/6/2022,10:39,25.9,29.5,17.3
16/6/2022,10:39,26.0,29.5,17.3
16/6/2022,10:39,25.9,29.5,17.3
16/6/2022,10:39,25.9,29.5,17.3
16/6/2022,10:39,25.8,29.5,17.3
16/6/2022,10:39,25.8,29.5,17.3
16/6/2022,10:40,25.8,29.5,17.2
16/6/2022,10:40,26.0,29.5,17.2
16/6/2022,10:40,26.0,29.5,17.3
16/6/2022,10:40,26.0,29.5,17.4
16/6/2022,10:40,26.0,29.5,17.3
16/6/2022,10:41,26.0,29.5,17.4
16/6/2022,10:41,26.1,29.5,17.5
16/6/2022,10:41,26.2,29.5,17.5
16/6/2022,10:41,26.2,29.5,17.4
16/6/2022,10:41,26.2,29.5,17.4
16/6/2022,10:41,26.2,29.5,17.3
16/6/2022,10:42,26.1,29.5,17.3
16/6/2022,10:42,26.1,29.5,17.4
16/6/2022,10:42,26.1,29.5,17.4
16/6/2022,10:42,26.0,29.5,17.4
16/6/2022,10:42,26.0,29.5,17.3
16/6/2022,10:42,26.0,29.5,17.3
16/6/2022,10:43,26.0,29.5,17.3
16/6/2022,10:43,25.9,29.5,17.4
16/6/2022,10:43,26.0,29.5,17.2
16/6/2022,10:43,26.0,29.5,17.3
16/6/2022,10:43,26.0,29.5,17.3
16/6/2022,10:43,26.0,29.5,17.4
16/6/2022,10:44,26.1,29.5,17.4
16/6/2022,10:44,26.1,29.5,17.4
16/6/2022,10:44,26.1,29.5,17.4
16/6/2022,10:44,26.2,29.5,17.3
16/6/2022,10:44,26.1,29.5,17.4
16/6/2022,10:44,26.2,29.5,17.4
16/6/2022,10:45,26.2,29.5,17.4
16/6/2022,10:45,26.1,29.5,17.5
16/6/2022,10:45,26.2,29.5,17.5
16/6/2022,10:45,26.2,29.5,17.5
16/6/2022,10:45,26.1,29.5,17.5
16/6/2022,10:45,26.2,29.5,17.5
16/6/2022,10:46,26.2,29.5,17.6
16/6/2022,10:46,26.2,29.5,17.6
16/6/2022,10:46,26.3,29.5,17.5
16/6/2022,10:46,26.2,29.5,17.5
16/6/2022,10:46,26.2,29.5,17.5
16/6/2022,10:46,26.2,29.5,17.5
16/6/2022,10:47,26.2,29.5,17.5
16/6/2022,10:47,26.2,29.5,17.5
16/6/2022,10:47,26.2,29.5,17.4
16/6/2022,10:47,26.2,29.5,17.5
16/6/2022,10:47,26.2,29.5,17.4
16/6/2022,10:48,26.3,29.5,17.5
16/6/2022,10:48,26.2,29.5,17.5
16/6/2022,10:48,26.3,29.5,17.5
16/6/2022,10:48,26.3,29.5,17.4
16/6/2022,10:48,26.4,29.5,17.4
16/6/2022,10:48,26.4,29.5,17.4
16/6/2022,10:49,26.3,29.5,17.5
16/6/2022,10:49,26.3,29.5,17.5
16/6/2022,10:49,26.3,29.5,17.5
16/6/2022,10:49,26.1,29.5,17.5
16/6/2022,10:49,26.1,29.5,17.4
16/6/2022,10:49,26.1,29.5,17.3
16/6/2022,10:50,26.1,29.5,17.2
16/6/2022,10:50,26.1,29.5,17.2
16/6/2022,10:50,26.1,29.5,17.2
16/6/2022,10:50,26.0,29.5,17.2
16/6/2022,10:50,25.9,29.5,17.2
16/6/2022,10:50,25.9,29.5,17.3
16/6/2022,10:51,25.9,29.5,17.4
16/6/2022,10:51,25.8,29.5,17.5
16/6/2022,10:51,25.8,29.5,17.4
16/6/2022,10:51,25.8,29.5,17.5
16/6/2022,10:51,25.8,29.5,17.4
16/6/2022,10:51,25.8,29.5,17.3
16/6/2022,10:52,25.9,29.5,17.3
16/6/2022,10:52,25.8,29.5,17.2
16/6/2022,10:52,26.0,29.5,17.2
16/6/2022,10:52,26.0,29.5,17.3
16/6/2022,10:52,26.2,29.5,17.4
16/6/2022,10:52,26.3,29.5,17.5
16/6/2022,10:53,26.2,29.5,17.5
16/6/2022,10:53,26.2,29.5,17.5
16/6/2022,10:53,26.2,29.5,17.4
16/6/2022,10:53,26.1,29.5,17.4
16/6/2022,10:53,26.3,29.5,17.4
16/6/2022,10:53,26.3,29.5,17.4
16/6/2022,10:54,26.3,29.5,17.4
16/6/2022,10:54,26.2,29.5,17.4
16/6/2022,10:54,26.2,29.5,17.4
16/6/2022,10:54,26.2,29.5,17.4
16/6/2022,10:54,26.2,29.5,17.4
16/6/2022,10:54,26.2,29.5,17.4
16/6/2022,10:55,26.2,29.5,17.3
16/6/2022,10:55,26.2,29.5,17.4
16/6/2022,10:55,26.2,29.5,17.4
16/6/2022,10:55,26.2,29.5,17.4
16/6/2022,10:55,26.3,29.5,17.4
16/6/2022,10:56,26.2,29.5,17.3
16/6/2022,10:56,26.3,29.5,17.4
16/6/2022,10:56,26.1,29.5,17.3
16/6/2022,10:56,26.1,29.5,17.3
16/6/2022,10:56,26.1,29.5,17.3
16/6/2022,10:56,26.2,29.5,17.3
16/6/2022,10:57,26.2,29.5,17.4
16/6/2022,10:57,26.2,29.5,17.3
16/6/2022,10:57,26.2,29.5,17.3
16/6/2022,10:57,26.1,29.5,17.5
16/6/2022,10:57,26.1,29.5,17.5
16/6/2022,10:57,26.1,29.5,17.5
16/6/2022,10:58,26.2,29.5,17.5
16/6/2022,10:58,26.3,29.5,17.5
16/6/2022,10:58,26.2,29.5,17.5
16/6/2022,10:58,26.2,29.5,17.5
16/6/2022,10:58,26.2,29.5,17.5
16/6/2022,10:58,26.2,29.5,17.5
16/6/2022,10:59,26.2,29.5,17.5
16/6/2022,10:59,26.3,29.5,17.5
16/6/2022,10:59,26.2,29.5,17.5
16/6/2022,10:59,26.2,29.5,17.4
16/6/2022,10:59,26.3,29.5,17.4
16/6/2022,10:59,26.3,29.5,17.4
16/6/2022,11:0,26.3,30.0,17.5
16/6/2022,11:0,26.4,30.0,17.4
16/6/2022,11:0,26.4,30.0,17.4
16/6/2022,11:0,26.4,30.0,17.4
16/6/2022,11:0,26.4,30.0,17.3
16/6/2022,11:0,26.3,30.0,17.3
16/6/2022,11:1,26.4,30.0,17.2
16/6/2022,11:1,26.4,30.0,17.3
16/6/2022,11:1,26.4,30.0,17.4
16/6/2022,11:1,26.4,30.0,17.4
16/6/2022,11:1,26.4,30.0,17.5
16/6/2022,11:1,26.4,30.0,17.5
16/6/2022,11:2,26.5,30.0,17.4
16/6/2022,11:2,26.3,30.0,17.4
16/6/2022,11:2,26.3,30.0,17.4
16/6/2022,11:2,26.4,30.0,17.4
16/6/2022,11:2,26.4,30.0,17.3
16/6/2022,11:2,26.3,30.0,17.2
16/6/2022,11:3,26.4,30.0,17.3
16/6/2022,11:3,26.3,30.0,17.2
16/6/2022,11:3,26.2,30.0,17.3
16/6/2022,11:3,26.4,30.0,17.3
16/6/2022,11:3,26.3,30.0,17.4
16/6/2022,11:4,26.3,30.0,17.5
16/6/2022,11:4,26.3,30.0,17.4
16/6/2022,11:4,26.3,30.0,17.4
16/6/2022,11:4,26.2,30.0,17.4
16/6/2022,11:4,26.2,30.0,17.4
16/6/2022,11:4,26.3,30.0,17.3
16/6/2022,11:5,26.4,30.0,17.4
16/6/2022,11:5,26.5,30.0,17.4
16/6/2022,11:5,26.5,30.0,17.5
16/6/2022,11:5,26.5,30.0,17.5
16/6/2022,11:5,26.5,30.0,17.6
16/6/2022,11:5,26.6,30.0,17.6
16/6/2022,11:6,26.5,30.0,17.6
16/6/2022,11:6,26.5,30.0,17.6
16/6/2022,11:6,26.5,30.0,17.5
16/6/2022,11:6,26.4,30.0,17.6
16/6/2022,11:6,26.4,30.0,17.5
16/6/2022,11:6,26.4,30.0,17.5
16/6/2022,11:7,26.5,30.0,17.6
16/6/2022,11:7,26.5,30.0,17.6
16/6/2022,11:7,26.4,30.0,17.6
16/6/2022,11:7,26.5,30.0,17.5
16/6/2022,11:7,26.4,30.0,17.4
16/6/2022,11:7,26.3,30.0,17.5
16/6/2022,11:8,26.4,30.0,17.4
16/6/2022,11:8,26.5,30.0,17.5
16/6/2022,11:8,26.5,30.0,17.5
16/6/2022,11:8,26.4,30.0,17.5
16/6/2022,11:8,26.5,30.0,17.5
16/6/2022,11:8,26.5,30.0,17.4
16/6/2022,11:9,26.5,30.0,17.4
16/6/2022,11:9,26.5,30.0,17.4
16/6/2022,11:9,26.5,30.0,17.4
16/6/2022,11:9,26.5,30.0,17.4
16/6/2022,11:9,26.5,30.0,17.4
16/6/2022,11:9,26.5,30.0,17.4
16/6/2022,11:10,26.5,30.0,17.4
16/6/2022,11:10,26.6,30.0,17.5
16/6/2022,11:10,26.6,30.0,17.5
16/6/2022,11:10,26.5,30.0,17.5
16/6/2022,11:10,26.5,30.0,17.5
16/6/2022,11:11,26.5,30.0,17.6
16/6/2022,11:11,26.6,30.0,17.6
16/6/2022,11:11,26.6,30.0,17.5
16/6/2022,11:11,26.5,30.0,17.5
16/6/2022,11:11,26.5,30.0,17.4
16/6/2022,11:11,26.5,30.0,17.3
16/6/2022,11:12,26.5,30.0,17.4
16/6/2022,11:12,26.6,30.0,17.4
16/6/2022,11:12,26.6,30.0,17.4
16/6/2022,11:12,26.6,30.0,17.3
16/6/2022,11:12,26.5,30.0,17.4
16/6/2022,11:12,26.6,30.0,17.5
16/6/2022,11:13,26.6,30.0,17.6
16/6/2022,11:13,26.7,30.0,17.7
16/6/2022,11:13,26.6,30.0,17.6
16/6/2022,11:13,26.6,30.0,17.6
16/6/2022,11:13,26.6,30.0,17.7
16/6/2022,11:13,26.6,30.0,17.7
16/6/2022,11:14,26.6,30.0,17.7
16/6/2022,11:14,26.5,30.0,17.7
16/6/2022,11:14,26.6,30.0,17.7
16/6/2022,11:14,26.5,30.0,17.7
16/6/2022,11:14,26.6,30.0,17.8
16/6/2022,11:14,26.6,30.0,17.8
16/6/2022,11:15,26.6,30.0,17.8
16/6/2022,11:15,26.7,30.0,17.8
16/6/2022,11:15,26.7,30.0,17.7
16/6/2022,11:15,26.8,30.0,17.7
16/6/2022,11:15,26.8,30.0,17.7
16/6/2022,11:15,26.7,30.0,17.7
16/6/2022,11:16,26.7,30.0,17.7
16/6/2022,11:16,26.7,30.0,17.7
16/6/2022,11:16,26.7,30.0,17.8
16/6/2022,11:16,26.7,30.0,17.9
16/6/2022,11:16,26.6,30.0,17.9
16/6/2022,11:16,26.6,30.0,17.8
16/6/2022,11:17,26.6,30.0,17.7
16/6/2022,11:17,26.6,30.0,17.7
16/6/2022,11:17,26.8,30.0,17.7
16/6/2022,11:17,26.8,30.0,17.6
16/6/2022,11:17,26.8,30.0,17.7
16/6/2022,11:18,26.8,30.0,17.6
16/6/2022,11:18,26.8,30.0,17.6
16/6/2022,11:18,26.7,30.0,17.6
16/6/2022,11:18,26.8,30.0,17.7
16/6/2022,11:18,26.7,30.0,17.8
16/6/2022,11:18,26.6,30.0,17.8
16/6/2022,11:19,26.7,30.0,17.7
16/6/2022,11:19,26.7,30.0,17.6
16/6/2022,11:19,26.8,30.0,17.6
16/6/2022,11:19,26.8,30.0,17.6
16/6/2022,11:19,26.8,30.0,17.6
16/6/2022,11:19,26.7,30.0,17.6
16/6/2022,11:20,26.7,30.0,17.6
16/6/2022,11:20,26.7,30.0,17.7
16/6/2022,11:20,26.8,30.0,17.6
16/6/2022,11:20,26.8,30.0,17.6
16/6/2022,11:20,26.9,30.0,17.7
16/6/2022,11:20,26.9,30.0,17.6
16/6/2022,11:21,26.9,30.0,17.8
16/6/2022,11:21,26.9,30.0,17.8
16/6/2022,11:21,26.9,30.0,17.8
16/6/2022,11:21,26.8,30.0,17.8
16/6/2022,11:21,26.8,30.0,17.8
16/6/2022,11:21,26.7,30.0,17.7
16/6/2022,11:22,26.6,30.0,17.6
16/6/2022,11:22,26.7,30.0,17.6
16/6/2022,11:22,26.6,30.0,17.6
16/6/2022,11:22,26.6,30.0,17.5
16/6/2022,11:22,26.6,30.0,17.6
16/6/2022,11:22,26.6,30.0,17.7
16/6/2022,11:23,26.7,30.0,17.7
16/6/2022,11:23,26.7,30.0,17.8
16/6/2022,11:23,26.7,30.0,17.8
16/6/2022,11:23,26.6,30.0,17.8
16/6/2022,11:23,26.7,30.0,17.7
16/6/2022,11:23,26.8,30.0,17.8
16/6/2022,11:24,26.8,30.0,17.7
16/6/2022,11:24,26.7,30.0,17.6
16/6/2022,11:24,26.7,30.0,17.6
16/6/2022,11:24,26.6,30.0,17.5
16/6/2022,11:24,26.6,30.0,17.6
16/6/2022,11:25,26.6,30.0,17.7
16/6/2022,11:25,26.7,30.0,17.7
16/6/2022,11:25,26.7,30.0,17.7
16/6/2022,11:25,26.7,30.0,17.8
16/6/2022,11:25,26.8,30.0,17.7
16/6/2022,11:25,26.8,30.0,17.9
16/6/2022,11:26,26.8,30.0,17.9
16/6/2022,11:26,26.8,30.0,17.9
16/6/2022,11:26,26.7,30.0,17.9
16/6/2022,11:26,26.7,30.0,17.8
16/6/2022,11:26,26.7,30.0,17.7
16/6/2022,11:26,26.7,30.0,17.7
16/6/2022,11:27,26.8,30.0,17.8
16/6/2022,11:27,26.9,30.0,17.8
16/6/2022,11:27,26.8,30.0,17.9
16/6/2022,11:27,26.9,30.0,17.9
16/6/2022,11:27,26.9,30.0,17.9
16/6/2022,11:27,26.9,30.0,17.8
16/6/2022,11:28,26.9,30.0,17.9
16/6/2022,11:28,26.8,30.0,18.0
16/6/2022,11:28,26.9,30.0,17.9
16/6/2022,11:28,26.9,30.0,17.8
16/6/2022,11:28,26.9,30.0,17.8
16/6/2022,11:28,26.9,30.0,17.8
16/6/2022,11:29,26.9,30.0,17.8
16/6/2022,11:29,26.9,30.0,17.9
16/6/2022,11:29,26.9,30.0,17.8
16/6/2022,11:29,27.0,30.0,17.8
16/6/2022,11:29,26.9,30.0,17.8
16/6/2022,11:29,26.8,30.0,17.9
16/6/2022,11:30,26.8,30.0,17.9
16/6/2022,11:30,26.6,30.0,17.9
16/6/2022,11:30,26.7,30.0,17.9
16/6/2022,11:30,26.8,30.0,17.9
16/6/2022,11:30,26.8,30.0,17.9
16/6/2022,11:30,26.7,30.0,17.8
16/6/2022,11:31,26.8,30.0,17.8
16/6/2022,11:31,26.9,30.0,17.8
16/6/2022,11:31,26.8,30.0,17.8
16/6/2022,11:31,26.8,30.0,17.8
16/6/2022,11:31,26.8,30.0,17.9
16/6/2022,11:32,26.8,30.0,17.9
16/6/2022,11:32,26.9,30.0,17.9
16/6/2022,11:32,26.8,30.0,18.0
16/6/2022,11:32,26.8,30.0,17.9
16/6/2022,11:32,26.9,30.0,17.9
16/6/2022,11:32,26.9,30.0,17.9
16/6/2022,11:33,26.9,30.0,17.9
16/6/2022,11:33,27.0,30.0,17.9
16/6/2022,11:33,27.0,30.0,17.8
16/6/2022,11:33,26.9,30.0,17.8
16/6/2022,11:33,26.9,30.0,17.8
16/6/2022,11:33,26.9,30.0,17.8
16/6/2022,11:34,26.9,30.0,17.7
16/6/2022,11:34,26.9,30.0,17.8
16/6/2022,11:34,26.9,30.0,17.8
16/6/2022,11:34,27.0,30.0,17.9
16/6/2022,11:34,27.0,30.0,17.8
16/6/2022,11:34,27.0,30.0,17.7
16/6/2022,11:35,26.7,30.0,17.8
16/6/2022,11:35,26.7,30.0,17.8
16/6/2022,11:35,26.7,30.0,17.8
16/6/2022,11:35,26.6,30.0,17.9
16/6/2022,11:35,26.7,30.0,17.8
16/6/2022,11:35,26.7,30.0,17.9
16/6/2022,11:36,26.8,30.0,17.9
16/6/2022,11:36,26.9,30.0,18.0
16/6/2022,11:36,26.9,30.0,18.0
16/6/2022,11:36,27.0,30.0,18.1
16/6/2022,11:36,27.1,30.0,18.0
16/6/2022,11:36,27.0,30.0,17.9
16/6/2022,11:37,27.0,30.0,17.8
16/6/2022,11:37,27.0,30.0,17.8
16/6/2022,11:37,27.0,30.0,17.8
16/6/2022,11:37,27.1,30.0,17.9
16/6/2022,11:37,27.1,30.0,17.9
16/6/2022,11:37,27.1,30.0,17.9
16/6/2022,11:38,27.0,30.0,17.9
16/6/2022,11:38,27.0,30.0,17.9
16/6/2022,11:38,27.0,30.0,17.8
16/6/2022,11:38,27.0,30.0,17.9
16/6/2022,11:38,27.0,30.0,17.9
16/6/2022,11:38,27.0,30.0,17.9
16/6/2022,11:39,27.0,30.0,18.0
16/6/2022,11:39,27.0,30.0,18.0
16/6/2022,11:39,27.0,30.0,18.0
16/6/2022,11:39,27.0,30.0,18.1
16/6/2022,11:39,27.0,30.0,18.1
16/6/2022,11:39,27.0,30.0,18.0
16/6/2022,11:40,27.1,30.0,18.0
16/6/2022,11:40,27.0,30.0,18.0
16/6/2022,11:40,27.0,30.0,17.9
16/6/2022,11:40,27.0,30.0,17.9
16/6/2022,11:40,27.0,30.0,18.0
16/6/2022,11:40,26.9,30.0,17.9
16/6/2022,11:41,27.0,30.0,17.8
16/6/2022,11:41,26.9,30.0,18.0
16/6/2022,11:41,27.0,30.0,18.1
16/6/2022,11:41,26.9,30.0,18.0
16/6/2022,11:41,27.0,30.0,17.9
16/6/2022,11:41,27.0,30.0,18.0
16/6/2022,11:42,27.0,30.0,18.0
16/6/2022,11:42,27.0,30.0,18.0
16/6/2022,11:42,27.0,30.0,18.0
16/6/2022,11:42,27.0,30.0,18.0
16/6/2022,11:42,27.0,30.0,18.0
16/6/2022,11:42,26.9,30.0,18.2
16/6/2022,11:43,26.9,30.0,18.1
16/6/2022,11:43,27.0,30.0,18.1
16/6/2022,11:43,26.9,30.0,18.0
16/6/2022,11:43,26.9,30.0,18.0
16/6/2022,11:43,27.0,30.0,18.0
16/6/2022,11:44,27.1,30.0,17.9
16/6/2022,11:44,27.1,30.0,18.0
16/6/2022,11:44,27.1,30.0,18.0
16/6/2022,11:44,27.1,30.0,17.9
16/6/2022,11:44,27.2,30.0,18.0
16/6/2022,11:44,27.2,30.0,17.9
16/6/2022,11:45,27.3,30.0,17.9
16/6/2022,11:45,27.4,30.0,18.0
16/6/2022,11:45,27.4,30.0,17.9
16/6/2022,11:45,27.2,30.0,17.9
16/6/2022,11:45,27.2,30.0,18.0
16/6/2022,11:45,27.2,30.0,18.0
16/6/2022,11:46,27.2,30.0,18.1
16/6/2022,11:46,27.2,30.0,18.1
16/6/2022,11:46,27.1,30.0,18.0
16/6/2022,11:46,27.2,30.0,18.0
16/6/2022,11:46,27.1,30.0,18.2
16/6/2022,11:46,27.1,30.0,18.2
16/6/2022,11:47,27.1,30.0,18.2
16/6/2022,11:47,27.0,30.0,18.1
16/6/2022,11:47,27.0,30.0,18.1
16/6/2022,11:47,27.1,30.0,18.1
16/6/2022,11:47,27.1,30.0,18.2
16/6/2022,11:47,27.2,30.0,18.2
16/6/2022,11:48,27.2,30.0,18.3
16/6/2022,11:48,27.1,30.0,18.3
16/6/2022,11:48,27.2,30.0,18.3
16/6/2022,11:48,27.3,30.0,18.2
16/6/2022,11:48,27.2,30.0,18.1
16/6/2022,11:48,27.2,30.0,18.2
16/6/2022,11:49,27.3,30.0,18.2
16/6/2022,11:49,27.2,30.0,18.1
16/6/2022,11:49,27.3,30.0,18.1
16/6/2022,11:49,27.2,30.0,18.2
16/6/2022,11:49,27.4,30.0,18.3
16/6/2022,11:49,27.2,30.0,18.3
16/6/2022,11:50,27.1,30.0,18.2
16/6/2022,11:50,27.2,30.0,18.2
16/6/2022,11:50,27.2,30.0,18.1
16/6/2022,11:50,27.2,30.0,18.0
16/6/2022,11:50,27.3,30.0,18.1
16/6/2022,11:50,27.1,30.0,18.0
16/6/2022,11:51,27.1,30.0,18.1
16/6/2022,11:51,27.1,30.0,18.0
16/6/2022,11:51,27.1,30.0,18.0
16/6/2022,11:51,27.0,30.0,18.0
16/6/2022,11:51,27.0,30.0,18.0
16/6/2022,11:52,27.0,30.0,18.1
16/6/2022,11:52,27.0,30.0,18.2
16/6/2022,11:52,27.0,30.0,18.3
16/6/2022,11:52,27.2,30.0,18.3
16/6/2022,11:52,27.1,30.0,18.2
16/6/2022,11:52,27.1,30.0,18.2
16/6/2022,11:53,27.1,30.0,18.2
16/6/2022,11:53,27.2,30.0,18.2
16/6/2022,11:53,27.2,30.0,18.2
16/6/2022,11:53,27.3,30.0,18.1
16/6/2022,11:53,27.2,30.0,18.1
16/6/2022,11:53,27.2,30.0,18.1
16/6/2022,11:54,27.3,30.0,18.1
16/6/2022,11:54,27.3,30.0,18.1
16/6/2022,11:54,27.2,30.0,18.0
16/6/2022,11:54,27.3,30.0,18.1
16/6/2022,11:54,27.4,30.0,18.2
16/6/2022,11:54,27.3,30.0,18.1
16/6/2022,11:55,27.4,30.0,18.2
16/6/2022,11:55,27.4,30.0,18.1
16/6/2022,11:55,27.4,30.0,18.1
16/6/2022,11:55,27.3,30.0,18.0
16/6/2022,11:55,27.3,30.0,18.0
16/6/2022,11:55,27.2,30.0,18.1
16/6/2022,11:56,27.4,30.0,18.2
16/6/2022,11:56,27.3,30.0,18.3
16/6/2022,11:56,27.5,30.0,18.4
16/6/2022,11:56,27.5,30.0,18.4
16/6/2022,11:56,27.4,30.0,18.3
16/6/2022,11:56,27.5,30.0,18.3
16/6/2022,11:57,27.4,30.0,18.2
16/6/2022,11:57,27.4,30.0,18.3
16/6/2022,11:57,27.3,30.0,18.3
16/6/2022,11:57,27.3,30.0,18.3
16/6/2022,11:57,27.3,30.0,18.1
16/6/2022,11:57,27.3,30.0,18.1
16/6/2022,11:58,27.3,30.0,18.0
16/6/2022,11:58,27.4,30.0,18.0
16/6/2022,11:58,27.5,30.0,18.0
16/6/2022,11:58,27.4,30.0,18.0
16/6/2022,11:58,27.4,30.0,18.0
16/6/2022,11:59,27.5,30.0,17.9
16/6/2022,11:59,27.5,30.0,18.0
16/6/2022,11:59,27.4,30.0,18.0
16/6/2022,11:59,27.4,30.0,18.0
16/6/2022,11:59,27.4,30.0,18.0
16/6/2022,11:59,27.3,30.0,18.0
16/6/2022,12:0,27.4,30.0,18.0
                                                              16/6/2022,12:2,27.2,30.0,17.9
16/6/2022,12:3,27.2,30.0,17.9
16/6/2022,12:3,27.3,30.0,17.9
16/6/2022,12:3,27.3,30.0,18.0
16/6/2022,12:3,27.3,30.0,17.9
16/6/2022,12:3,27.3,30.0,18.0
16/6/2022,12:3,27.4,30.0,17.9
16/6/2022,12:4,27.4,30.0,18.0
16/6/2022,12:4,27.4,30.0,18.1
16/6/2022,12:4,27.4,30.0,18.1
16/6/2022,12:4,27.4,30.0,18.1
16/6/2022,12:4,27.2,30.0,18.1
16/6/2022,12:4,27.2,30.0,18.1
16/6/2022,12:5,27.3,30.0,18.2
16/6/2022,12:5,27.3,30.0,18.2
16/6/2022,12:5,27.3,30.0,18.2
16/6/2022,12:5,27.3,30.0,18.2
16/6/2022,12:5,27.4,30.0,18.2
16/6/2022,12:5,27.3,30.0,18.2
16/6/2022,12:6,27.4,30.0,18.2
16/6/2022,12:6,27.3,30.0,18.2
16/6/2022,12:6,27.3,30.0,18.1
16/6/2022,12:6,27.4,30.0,18.2
16/6/2022,12:6,27.5,30.0,18.2
16/6/2022,12:6,27.4,30.0,18.3
16/6/2022,12:7,27.4,30.0,18.4
16/6/2022,12:7,27.4,30.0,18.4
16/6/2022,12:7,27.5,30.0,18.2
16/6/2022,12:7,27.5,30.0,18.2
16/6/2022,12:7,27.5,30.0,18.1
16/6/2022,12:7,27.5,30.0,18.2
16/6/2022,12:8,27.5,30.0,18.1
16/6/2022,12:8,27.5,30.0,18.2
16/6/2022,12:8,27.5,30.0,18.2
16/6/2022,12:8,27.5,30.0,18.2
16/6/2022,12:8,27.5,30.0,18.2
16/6/2022,12:8,27.5,30.0,18.2
16/6/2022,12:9,27.5,30.0,18.2
16/6/2022,12:9,27.4,30.0,18.2
16/6/2022,12:9,27.4,30.0,18.4
16/6/2022,12:9,27.5,30.0,18.2
16/6/2022,12:9,27.5,30.0,18.2
16/6/2022,12:10,27.5,30.0,18.2
16/6/2022,12:10,27.5,30.0,18.2
16/6/2022,12:10,27.5,30.0,18.1
16/6/2022,12:10,27.5,30.0,18.0
16/6/2022,12:10,27.5,30.0,18.0
16/6/2022,12:10,27.5,30.0,18.2
16/6/2022,12:11,27.4,30.0,18.1
16/6/2022,12:11,27.3,30.0,18.0
16/6/2022,12:11,27.2,30.0,18.0
16/6/2022,12:11,27.2,30.0,18.0
16/6/2022,12:11,27.3,30.0,18.0
16/6/2022,12:11,27.2,30.0,18.0
16/6/2022,12:12,27.2,30.0,18.0
16/6/2022,12:12,27.2,30.0,18.1
16/6/2022,12:12,27.3,30.0,18.1
16/6/2022,12:12,27.3,30.0,18.1
16/6/2022,12:12,27.4,30.0,18.2
16/6/2022,12:12,27.3,30.0,18.2
16/6/2022,12:13,27.3,30.0,18.2
16/6/2022,12:13,27.4,30.0,18.2
16/6/2022,12:13,27.3,30.0,18.2
16/6/2022,12:13,27.4,30.0,18.2
16/6/2022,12:13,27.5,30.0,18.2
16/6/2022,12:13,27.5,30.0,18.2
16/6/2022,12:14,27.6,30.0,18.2
16/6/2022,12:14,27.6,30.0,18.2
16/6/2022,12:14,27.4,30.0,18.2
16/6/2022,12:14,27.5,30.0,18.2
16/6/2022,12:14,27.6,30.0,18.3
16/6/2022,12:14,27.6,30.0,18.2
16/6/2022,12:15,27.6,30.0,18.2
16/6/2022,12:15,27.4,30.0,18.1
16/6/2022,12:15,27.4,30.0,18.0
16/6/2022,12:15,27.4,30.0,18.0
16/6/2022,12:15,27.3,30.0,18.1
16/6/2022,12:15,27.4,30.0,18.1
16/6/2022,12:16,27.4,30.0,18.1
16/6/2022,12:16,27.4,30.0,18.1
16/6/2022,12:16,27.3,30.0,18.0
16/6/2022,12:16,27.3,30.0,18.0
16/6/2022,12:16,27.4,30.0,18.1
16/6/2022,12:16,27.5,30.0,18.0
16/6/2022,12:17,27.4,30.0,18.1
16/6/2022,12:17,27.4,30.0,18.1
16/6/2022,12:17,27.5,30.0,18.1
16/6/2022,12:17,27.5,30.0,18.2
16/6/2022,12:17,27.5,30.0,18.2
16/6/2022,12:18,27.5,30.0,18.3
16/6/2022,12:18,27.6,30.0,18.2
16/6/2022,12:18,27.6,30.0,18.3
16/6/2022,12:18,27.6,30.0,18.3
16/6/2022,12:18,27.5,30.0,18.4
16/6/2022,12:18,27.5,30.0,18.4
16/6/2022,12:19,27.6,30.0,18.4
16/6/2022,12:19,27.6,30.0,18.3
16/6/2022,12:19,27.5,30.0,18.4
16/6/2022,12:19,27.6,30.0,18.3
16/6/2022,12:19,27.6,30.0,18.2
16/6/2022,12:19,27.7,30.0,18.3
16/6/2022,12:20,27.6,30.0,18.3
16/6/2022,12:20,27.6,30.0,18.3
16/6/2022,12:20,27.5,30.0,18.4
16/6/2022,12:20,27.5,30.0,18.2
16/6/2022,12:20,27.5,30.0,18.3
16/6/2022,12:20,27.5,30.0,18.4
16/6/2022,12:21,27.5,30.0,18.4
16/6/2022,12:21,27.6,30.0,18.5
16/6/2022,12:21,27.6,30.0,18.5
16/6/2022,12:21,27.6,30.0,18.5
16/6/2022,12:21,27.6,30.0,18.4
16/6/2022,12:21,27.6,30.0,18.4
16/6/2022,12:22,27.6,30.0,18.4
16/6/2022,12:22,27.6,30.0,18.4
16/6/2022,12:22,27.6,30.0,18.5
16/6/2022,12:22,27.6,30.0,18.5
16/6/2022,12:22,27.7,30.0,18.4
16/6/2022,12:22,27.7,30.0,18.4
16/6/2022,12:23,27.6,30.0,18.5
16/6/2022,12:23,27.7,30.0,18.5
16/6/2022,12:23,27.7,30.0,18.5
16/6/2022,12:23,27.6,30.0,18.5
16/6/2022,12:23,27.6,30.0,18.6
16/6/2022,12:23,27.5,30.0,18.5
16/6/2022,12:24,27.5,30.0,18.5
16/6/2022,12:24,27.6,30.0,18.6
16/6/2022,12:24,27.6,30.0,18.6
16/6/2022,12:24,27.6,30.0,18.6
16/6/2022,12:24,27.7,30.0,18.6
16/6/2022,12:25,27.7,30.0,18.6
16/6/2022,12:25,27.6,30.0,18.6
16/6/2022,12:25,27.7,30.0,18.5
16/6/2022,12:25,27.7,30.0,18.6
16/6/2022,12:25,27.7,30.0,18.5
16/6/2022,12:25,27.6,30.0,18.5
16/6/2022,12:26,27.6,30.0,18.4
16/6/2022,12:26,27.6,30.0,18.2
16/6/2022,12:26,27.5,30.0,18.0
16/6/2022,12:26,27.5,30.0,17.9
16/6/2022,12:26,27.5,30.0,17.7
16/6/2022,12:26,27.5,30.0,17.4
16/6/2022,12:27,27.4,30.0,17.2
16/6/2022,12:27,27.3,30.0,16.8
16/6/2022,12:27,27.3,30.0,17.1
16/6/2022,12:27,27.3,30.0,17.4
16/6/2022,12:27,27.2,30.0,17.4
16/6/2022,12:27,27.2,30.0,17.3
16/6/2022,12:28,27.2,30.0,17.4
16/6/2022,12:28,27.2,30.0,17.5
16/6/2022,12:28,27.2,30.0,17.5
16/6/2022,12:28,27.2,30.0,17.6
16/6/2022,12:28,27.2,30.0,17.5
16/6/2022,12:28,27.3,30.0,17.5
16/6/2022,12:29,27.5,30.0,17.7
16/6/2022,12:29,27.3,30.0,17.8
16/6/2022,12:29,27.4,30.0,17.9
16/6/2022,12:29,27.2,30.0,17.9
16/6/2022,12:29,27.2,30.0,17.9
16/6/2022,12:29,27.2,30.0,17.9
16/6/2022,12:30,27.1,30.0,18.0
16/6/2022,12:30,27.1,30.0,18.0
16/6/2022,12:30,27.2,30.0,18.0
16/6/2022,12:30,27.2,30.0,18.1
16/6/2022,12:30,27.1,30.0,18.0
16/6/2022,12:30,27.3,30.0,18.0
16/6/2022,12:31,27.2,30.0,18.0
16/6/2022,12:31,27.3,30.0,18.0
16/6/2022,12:31,27.4,30.0,18.0
16/6/2022,12:31,27.4,30.0,18.0
16/6/2022,12:31,27.4,30.0,18.0
16/6/2022,12:31,27.5,30.0,17.9
16/6/2022,12:32,27.4,30.0,18.0
16/6/2022,12:32,27.2,30.0,18.0
16/6/2022,12:32,27.4,30.0,18.1
16/6/2022,12:32,27.4,30.0,18.1
16/6/2022,12:32,27.3,30.0,18.1
16/6/2022,12:33,27.3,30.0,18.1
16/6/2022,12:33,27.2,30.0,18.2
16/6/2022,12:33,27.3,30.0,18.3
16/6/2022,12:33,27.2,30.0,18.3
16/6/2022,12:33,27.3,30.0,18.2
16/6/2022,12:33,27.5,30.0,18.2
16/6/2022,12:34,27.5,30.0,18.2
16/6/2022,12:34,27.5,30.0,18.2
16/6/2022,12:34,27.7,30.0,18.3
16/6/2022,12:34,27.7,30.0,18.3
16/6/2022,12:34,27.7,30.0,18.3
16/6/2022,12:34,27.8,30.0,18.3
16/6/2022,12:35,27.7,30.0,18.2
16/6/2022,12:35,27.7,30.0,18.3
16/6/2022,12:35,27.8,30.0,18.3
16/6/2022,12:35,27.7,30.0,18.4
16/6/2022,12:35,27.8,30.0,18.4
16/6/2022,12:35,27.7,30.0,18.4
16/6/2022,12:36,27.7,30.0,18.4
16/6/2022,12:36,27.6,30.0,18.4
16/6/2022,12:36,27.6,30.0,18.4
16/6/2022,12:36,27.6,30.0,18.3
16/6/2022,12:36,27.6,30.0,18.3
16/6/2022,12:36,27.6,30.0,18.4
16/6/2022,12:37,27.5,30.0,18.3
16/6/2022,12:37,27.6,30.0,18.3
16/6/2022,12:37,27.6,30.0,18.3
16/6/2022,12:37,27.6,30.0,18.4
16/6/2022,12:37,27.6,30.0,18.5
16/6/2022,12:37,27.5,30.0,18.4
16/6/2022,12:38,27.6,30.0,18.4
16/6/2022,12:38,27.6,30.0,18.5
16/6/2022,12:38,27.6,30.0,18.5
16/6/2022,12:38,27.6,30.0,18.4
16/6/2022,12:38,27.6,30.0,18.5
16/6/2022,12:38,27.5,30.0,18.6
16/6/2022,12:39,27.5,30.0,18.6
16/6/2022,12:39,27.5,30.0,18.6
16/6/2022,12:39,27.5,30.0,18.6
16/6/2022,12:39,27.5,30.0,18.5
16/6/2022,12:39,27.6,30.0,18.4
16/6/2022,12:39,27.6,30.0,18.3
16/6/2022,12:40,27.6,30.0,18.4
16/6/2022,12:40,27.6,30.0,18.4
16/6/2022,12:40,27.6,30.0,18.4
16/6/2022,12:40,27.7,30.0,18.4
16/6/2022,12:40,27.7,30.0,18.4
16/6/2022,12:41,27.7,30.0,18.3
16/6/2022,12:41,27.8,30.0,18.3
16/6/2022,12:41,27.8,30.0,18.3
16/6/2022,12:41,27.8,30.0,18.3
16/6/2022,12:41,27.7,30.0,18.4
16/6/2022,12:41,27.8,30.0,18.4
16/6/2022,12:42,27.8,30.0,18.4
16/6/2022,12:42,27.8,30.0,18.4
16/6/2022,12:42,27.8,30.0,18.4
16/6/2022,12:42,27.8,30.0,18.4
16/6/2022,12:42,27.8,30.0,18.3
16/6/2022,12:42,27.8,30.0,18.4
16/6/2022,12:43,27.7,30.0,18.4
16/6/2022,12:43,27.6,30.0,18.4
16/6/2022,12:43,27.7,30.0,18.3
16/6/2022,12:43,27.6,30.0,18.3
16/6/2022,12:43,27.6,30.0,18.3
16/6/2022,12:43,27.6,30.0,18.3
16/6/2022,12:44,27.7,30.0,18.3
16/6/2022,12:44,27.7,30.0,18.3
16/6/2022,12:44,27.7,30.0,18.4
16/6/2022,12:44,27.8,30.0,18.4
16/6/2022,12:44,27.7,30.0,18.3
16/6/2022,12:44,27.6,30.0,18.4
16/6/2022,12:45,27.5,30.0,18.3
16/6/2022,12:45,27.5,30.0,18.2
16/6/2022,12:45,27.5,30.0,18.3
16/6/2022,12:45,27.5,30.0,18.3
16/6/2022,12:45,27.3,30.0,18.3
16/6/2022,12:45,27.4,30.0,18.3
16/6/2022,12:46,27.5,30.0,18.3
16/6/2022,12:46,27.6,30.0,18.3
16/6/2022,12:46,27.6,30.0,18.3
16/6/2022,12:46,27.5,30.0,18.4
16/6/2022,12:46,27.6,30.0,18.3
16/6/2022,12:46,27.7,30.0,18.4
16/6/2022,12:47,27.6,30.0,18.4
16/6/2022,12:47,27.6,30.0,18.4
16/6/2022,12:47,27.6,30.0,18.4
16/6/2022,12:47,27.6,30.0,18.4
16/6/2022,12:47,27.7,30.0,18.4
16/6/2022,12:48,27.9,30.0,18.4
16/6/2022,12:48,27.8,30.0,18.4
16/6/2022,12:48,27.8,30.0,18.5
16/6/2022,12:48,27.7,30.0,18.5
16/6/2022,12:48,27.7,30.0,18.4
16/6/2022,12:48,27.7,30.0,18.4
16/6/2022,12:49,27.7,30.0,18.4
16/6/2022,12:49,27.8,30.0,18.2
16/6/2022,12:49,27.7,30.0,18.1
16/6/2022,12:49,27.7,30.0,17.8
16/6/2022,12:49,27.8,30.0,17.7
16/6/2022,12:49,27.7,30.0,17.5
16/6/2022,12:50,27.7,30.0,17.4
16/6/2022,12:50,27.7,30.0,17.3
16/6/2022,12:50,27.7,30.0,17.3
16/6/2022,12:50,27.6,30.0,17.6
16/6/2022,12:50,27.6,30.0,17.8
16/6/2022,12:50,27.6,30.0,17.9
16/6/2022,12:51,27.5,30.0,17.8
16/6/2022,12:51,27.5,30.0,17.7
16/6/2022,12:51,27.5,30.0,17.8
16/6/2022,12:51,27.5,30.0,17.8
16/6/2022,12:51,27.4,30.0,17.9
16/6/2022,12:51,27.5,30.0,18.0
16/6/2022,12:52,27.5,30.0,18.0
16/6/2022,12:52,27.5,30.0,18.0
16/6/2022,12:52,27.6,30.0,18.1
16/6/2022,12:52,27.6,30.0,18.2
16/6/2022,12:52,27.6,30.0,18.2
16/6/2022,12:52,27.7,30.0,18.2
16/6/2022,12:53,27.7,30.0,18.2
16/6/2022,12:53,27.8,30.0,18.2
16/6/2022,12:53,27.7,30.0,18.3
16/6/2022,12:53,27.6,30.0,18.3
16/6/2022,12:53,27.6,30.0,18.3
16/6/2022,12:53,27.6,30.0,18.2
16/6/2022,12:54,27.6,30.0,18.2
16/6/2022,12:54,27.6,30.0,18.3
16/6/2022,12:54,27.5,30.0,18.2
16/6/2022,12:54,27.6,30.0,18.3
16/6/2022,12:54,27.6,30.0,18.3
16/6/2022,12:54,27.6,30.0,18.4
16/6/2022,12:55,27.6,30.0,18.3
16/6/2022,12:55,27.6,30.0,18.4
16/6/2022,12:55,27.6,30.0,18.3
16/6/2022,12:55,27.5,30.0,18.4
16/6/2022,12:55,27.7,30.0,18.5
16/6/2022,12:56,27.7,30.0,18.4
16/6/2022,12:56,27.7,30.0,18.4
16/6/2022,12:56,27.6,30.0,18.4
16/6/2022,12:56,27.6,30.0,18.5
16/6/2022,12:56,27.5,30.0,18.6
16/6/2022,12:56,27.5,30.0,18.6
16/6/2022,12:57,27.5,30.0,18.6
16/6/2022,12:57,27.5,30.0,18.6
16/6/2022,12:57,27.6,30.0,18.6
16/6/2022,12:57,27.6,30.0,18.5
16/6/2022,12:57,27.7,30.0,18.6
16/6/2022,12:57,27.7,30.0,18.6
16/6/2022,12:58,27.7,30.0,18.6
16/6/2022,12:58,27.7,30.0,18.5
16/6/2022,12:58,27.7,30.0,18.5
16/6/2022,12:58,27.8,30.0,18.5
16/6/2022,12:58,27.7,30.0,18.5
16/6/2022,12:58,27.6,30.0,18.5
16/6/2022,12:59,27.7,30.0,18.4
16/6/2022,12:59,27.6,30.0,18.5
16/6/2022,12:59,27.6,30.0,18.4
16/6/2022,12:59,27.7,30.0,18.4
16/6/2022,12:59,27.7,30.0,18.3
16/6/2022,12:59,27.7,30.0,18.3
16/6/2022,13:0,27.6,30.0,18.4
16/6/2022,13:0,27.6,30.0,18.3
16/6/2022,13:0,27.6,30.0,18.3
16/6/2022,13:0,27.6,30.0,18.4
16/6/2022,13:0,27.6,30.0,18.4
16/6/2022,13:0,27.5,30.0,18.4
16/6/2022,13:1,27.5,30.0,18.4
16/6/2022,13:1,27.7,30.0,18.3
16/6/2022,13:1,27.8,30.0,18.3
16/6/2022,13:1,27.9,30.0,18.4
16/6/2022,13:1,27.8,30.0,18.4
16/6/2022,13:1,27.9,30.0,18.5
16/6/2022,13:2,27.9,30.0,18.5
16/6/2022,13:2,27.9,30.0,18.5
16/6/2022,13:2,28.0,30.0,18.5
16/6/2022,13:2,28.0,30.0,18.6
16/6/2022,13:2,27.9,30.0,18.6
16/6/2022,13:2,27.8,30.0,18.6
16/6/2022,13:3,27.9,30.0,18.6
16/6/2022,13:3,28.0,30.0,18.6
16/6/2022,13:3,27.9,30.0,18.6
16/6/2022,13:3,28.0,30.0,18.5
16/6/2022,13:3,27.9,30.0,18.5
16/6/2022,13:4,27.9,30.0,18.5
16/6/2022,13:4,27.9,30.0,18.5
16/6/2022,13:4,27.9,30.0,18.5
16/6/2022,13:4,27.8,30.0,18.4
16/6/2022,13:4,27.9,30.0,18.5
16/6/2022,13:4,27.7,30.0,18.5
16/6/2022,13:5,27.8,30.0,18.5
16/6/2022,13:5,27.8,30.0,18.6
16/6/2022,13:5,27.8,30.0,18.6
16/6/2022,13:5,27.8,30.0,18.5
16/6/2022,13:5,27.8,30.0,18.4
16/6/2022,13:5,27.9,30.0,18.4
16/6/2022,13:6,27.9,30.0,18.4
16/6/2022,13:6,27.9,30.0,18.4
16/6/2022,13:6,27.8,30.0,18.4
16/6/2022,13:6,27.8,30.0,18.4
16/6/2022,13:6,27.8,30.0,18.4
16/6/2022,13:6,27.8,30.0,18.4
16/6/2022,13:7,27.8,30.0,18.3
16/6/2022,13:7,27.8,30.0,18.4
16/6/2022,13:7,27.8,30.0,18.4
16/6/2022,13:7,27.9,30.0,18.4
16/6/2022,13:7,27.8,30.0,18.4
16/6/2022,13:7,27.8,30.0,18.6
16/6/2022,13:8,27.8,30.0,18.5
16/6/2022,13:8,27.9,30.0,18.4
16/6/2022,13:8,27.8,30.0,18.6
16/6/2022,13:8,27.8,30.0,18.6
16/6/2022,13:8,27.8,30.0,18.5
16/6/2022,13:8,27.8,30.0,18.5
16/6/2022,13:9,27.9,30.0,18.4
16/6/2022,13:9,27.9,30.0,18.4
16/6/2022,13:9,28.0,30.0,18.3
16/6/2022,13:9,28.0,30.0,18.2
16/6/2022,13:9,27.8,30.0,18.1
16/6/2022,13:9,27.8,30.0,17.8
16/6/2022,13:10,27.7,30.0,17.8
16/6/2022,13:10,27.8,30.0,17.5
16/6/2022,13:10,27.7,30.0,17.4
16/6/2022,13:10,27.8,30.0,17.1
16/6/2022,13:10,27.7,30.0,17.2
16/6/2022,13:10,27.7,30.0,17.6
16/6/2022,13:11,27.6,30.0,17.6
16/6/2022,13:11,27.5,30.0,17.5
16/6/2022,13:11,27.6,30.0,17.5
16/6/2022,13:11,27.5,30.0,17.5
16/6/2022,13:11,27.5,30.0,17.5
16/6/2022,13:12,27.4,30.0,17.6
16/6/2022,13:12,27.5,30.0,17.7
16/6/2022,13:12,27.7,30.0,17.8
16/6/2022,13:12,27.6,30.0,17.8
16/6/2022,13:12,27.7,30.0,18.0
16/6/2022,13:12,27.6,30.0,18.0
16/6/2022,13:13,27.6,30.0,18.1
16/6/2022,13:13,27.7,30.0,18.2
16/6/2022,13:13,27.7,30.0,18.2
16/6/2022,13:13,27.6,30.0,18.2
16/6/2022,13:13,27.6,30.0,18.2
16/6/2022,13:13,27.6,30.0,18.2
16/6/2022,13:14,27.6,30.0,18.2
16/6/2022,13:14,27.6,30.0,18.2
16/6/2022,13:14,27.6,30.0,18.3
16/6/2022,13:14,27.6,30.0,18.2
16/6/2022,13:14,27.6,30.0,18.3
16/6/2022,13:14,27.6,30.0,18.2
16/6/2022,13:15,27.7,30.0,18.1
16/6/2022,13:15,27.8,30.0,18.2
16/6/2022,13:15,27.8,30.0,18.3
16/6/2022,13:15,27.9,30.0,18.3
16/6/2022,13:15,27.9,30.0,18.4
16/6/2022,13:15,27.9,30.0,18.3
16/6/2022,13:16,27.9,30.0,18.3
16/6/2022,13:16,27.8,30.0,18.3
16/6/2022,13:16,27.9,30.0,18.4
16/6/2022,13:16,28.0,30.0,18.4
16/6/2022,13:16,27.9,30.0,18.4
16/6/2022,13:16,27.9,30.0,18.4
16/6/2022,13:17,27.9,30.0,18.4
16/6/2022,13:17,27.9,30.0,18.4
16/6/2022,13:17,27.8,30.0,18.4
16/6/2022,13:17,27.8,30.0,18.5
16/6/2022,13:17,27.8,30.0,18.5
16/6/2022,13:17,27.9,30.0,18.5
16/6/2022,13:18,27.9,30.0,18.5
16/6/2022,13:18,27.9,30.0,18.5
16/6/2022,13:18,27.9,30.0,18.5
16/6/2022,13:18,27.9,30.0,18.6
16/6/2022,13:18,27.8,30.0,18.6
16/6/2022,13:19,27.8,30.0,18.5
16/6/2022,13:19,27.8,30.0,18.4
16/6/2022,13:19,27.8,30.0,18.4
16/6/2022,13:19,27.7,30.0,18.5
16/6/2022,13:19,27.7,30.0,18.5
16/6/2022,13:19,27.7,30.0,18.4
16/6/2022,13:20,27.8,30.0,18.4
16/6/2022,13:20,27.8,30.0,18.5
16/6/2022,13:20,27.7,30.0,18.5
16/6/2022,13:20,27.8,30.0,18.6
16/6/2022,13:20,28.0,30.0,18.6
16/6/2022,13:20,27.9,30.0,18.6
16/6/2022,13:21,27.9,30.0,18.6
16/6/2022,13:21,27.9,30.0,18.6
16/6/2022,13:21,27.8,30.0,18.5
16/6/2022,13:21,27.8,30.0,18.4
16/6/2022,13:21,27.7,30.0,18.4
16/6/2022,13:21,27.7,30.0,18.4
16/6/2022,13:22,27.8,30.0,18.4
16/6/2022,13:22,27.8,30.0,18.5
16/6/2022,13:22,27.9,30.0,18.5
16/6/2022,13:22,27.9,30.0,18.5
16/6/2022,13:22,27.8,30.0,18.6
16/6/2022,13:22,27.6,30.0,18.6
16/6/2022,13:23,27.3,30.0,18.6
16/6/2022,13:23,27.0,30.0,18.5
16/6/2022,13:23,26.9,30.0,18.6
16/6/2022,13:23,26.8,30.0,18.6
16/6/2022,13:23,26.7,30.0,18.6
16/6/2022,13:23,26.8,30.0,18.6
16/6/2022,13:24,26.8,30.0,18.6
16/6/2022,13:24,26.9,30.0,18.4
16/6/2022,13:24,27.1,30.0,18.5
16/6/2022,13:24,27.1,30.0,18.6
16/6/2022,13:24,27.2,30.0,18.6
16/6/2022,13:24,27.4,30.0,18.6
16/6/2022,13:25,27.4,30.0,18.6
16/6/2022,13:25,27.4,30.0,18.6
16/6/2022,13:25,27.5,30.0,18.6
16/6/2022,13:25,27.6,30.0,18.5
16/6/2022,13:25,27.5,30.0,18.5
16/6/2022,13:25,27.5,30.0,18.5
16/6/2022,13:26,27.6,30.0,18.5
16/6/2022,13:26,27.6,30.0,18.5
16/6/2022,13:26,27.8,30.0,18.5
16/6/2022,13:26,27.9,30.0,18.6
16/6/2022,13:26,27.8,30.0,18.7
16/6/2022,13:27,28.0,30.0,18.6
16/6/2022,13:27,28.0,30.0,18.6
16/6/2022,13:27,27.9,30.0,18.7
16/6/2022,13:27,27.8,30.0,18.8
16/6/2022,13:27,27.8,30.0,18.8
16/6/2022,13:27,27.8,30.0,18.8
16/6/2022,13:28,27.9,30.0,18.8
16/6/2022,13:28,28.0,30.0,18.6
16/6/2022,13:28,27.8,30.0,18.6
16/6/2022,13:28,27.8,30.0,18.2
16/6/2022,13:28,27.8,30.0,18.1
16/6/2022,13:28,27.8,30.0,17.8
16/6/2022,13:29,27.8,30.0,17.7
16/6/2022,13:29,27.7,30.0,17.7
16/6/2022,13:29,27.7,30.0,17.5
16/6/2022,13:29,27.6,30.0,17.4
16/6/2022,13:29,27.6,30.0,17.5
16/6/2022,13:29,27.6,30.0,17.6
16/6/2022,13:30,27.6,30.0,17.8
16/6/2022,13:30,27.6,30.0,17.8
16/6/2022,13:30,27.5,30.0,17.9
16/6/2022,13:30,27.6,30.0,17.8
16/6/2022,13:30,27.6,30.0,18.0
16/6/2022,13:30,27.6,30.0,18.0
16/6/2022,13:31,27.6,30.0,18.2
16/6/2022,13:31,27.7,30.0,18.2
16/6/2022,13:31,27.8,30.0,18.2
16/6/2022,13:31,27.8,30.0,18.2
16/6/2022,13:31,27.8,30.0,18.3
16/6/2022,13:31,27.8,30.0,18.4
16/6/2022,13:32,27.8,30.0,18.5
16/6/2022,13:32,27.8,30.0,18.5
16/6/2022,13:32,27.7,30.0,18.4
16/6/2022,13:32,27.7,30.0,18.6
16/6/2022,13:32,27.7,30.0,18.6
16/6/2022,13:32,27.6,30.0,18.6
16/6/2022,13:33,27.6,30.0,18.6
16/6/2022,13:33,27.6,30.0,18.5
16/6/2022,13:33,27.7,30.0,18.5
16/6/2022,13:33,27.7,30.0,18.6
16/6/2022,13:33,27.8,30.0,18.6
16/6/2022,13:33,27.9,30.0,18.6
16/6/2022,13:34,28.0,30.0,18.7
16/6/2022,13:34,28.1,30.0,18.6
16/6/2022,13:34,28.1,30.0,18.6
16/6/2022,13:34,28.0,30.0,18.5
16/6/2022,13:34,28.0,30.0,18.6
16/6/2022,13:35,28.0,30.0,18.5
16/6/2022,13:35,28.0,30.0,18.6
16/6/2022,13:35,28.0,30.0,18.6
16/6/2022,13:35,27.9,30.0,18.5
16/6/2022,13:35,27.9,30.0,18.6
16/6/2022,13:35,27.9,30.0,18.5
16/6/2022,13:36,27.9,30.0,18.5
16/6/2022,13:36,27.9,30.0,18.4
16/6/2022,13:36,27.9,30.0,18.3
16/6/2022,13:36,27.9,30.0,18.0
16/6/2022,13:36,27.7,30.0,17.9
16/6/2022,13:36,27.8,30.0,17.8
16/6/2022,13:37,27.9,30.0,17.7
16/6/2022,13:37,27.8,30.0,17.6
16/6/2022,13:37,27.8,30.0,17.4
16/6/2022,13:37,27.8,30.0,17.4
16/6/2022,13:37,27.7,30.0,17.6
16/6/2022,13:37,27.7,30.0,17.8
16/6/2022,13:38,27.7,30.0,17.8
16/6/2022,13:38,27.7,30.0,17.7
16/6/2022,13:38,27.6,30.0,17.6
16/6/2022,13:38,27.7,30.0,17.7
16/6/2022,13:38,27.7,30.0,17.9
16/6/2022,13:38,27.7,30.0,18.0
16/6/2022,13:39,27.7,30.0,18.1
16/6/2022,13:39,27.7,30.0,18.2
16/6/2022,13:39,27.7,30.0,18.2
16/6/2022,13:39,27.7,30.0,18.3
16/6/2022,13:39,27.7,30.0,18.4
16/6/2022,13:39,27.8,30.0,18.4
16/6/2022,13:40,27.8,30.0,18.4
16/6/2022,13:40,27.9,30.0,18.4
16/6/2022,13:40,28.0,30.0,18.4
16/6/2022,13:40,28.1,30.0,18.4
16/6/2022,13:40,28.1,30.0,18.4
16/6/2022,13:40,28.2,30.0,18.5
16/6/2022,13:41,28.2,30.0,18.6
16/6/2022,13:41,28.0,30.0,18.5
16/6/2022,13:41,27.9,30.0,18.6
16/6/2022,13:41,28.0,30.0,18.6
16/6/2022,13:41,27.9,30.0,18.6
16/6/2022,13:42,27.9,30.0,18.6
16/6/2022,13:42,28.0,30.0,18.6
16/6/2022,13:42,28.0,30.0,18.6
16/6/2022,13:42,28.0,30.0,18.7
16/6/2022,13:42,27.9,30.0,18.6
16/6/2022,13:42,27.9,30.0,18.6
16/6/2022,13:43,27.8,30.0,18.6
16/6/2022,13:43,27.9,30.0,18.6
16/6/2022,13:43,27.8,30.0,18.7
16/6/2022,13:43,27.8,30.0,18.7
16/6/2022,13:43,27.9,30.0,18.7
16/6/2022,13:43,27.9,30.0,18.7
16/6/2022,13:44,27.9,30.0,18.8
16/6/2022,13:44,27.9,30.0,18.8
16/6/2022,13:44,27.9,30.0,18.8
16/6/2022,13:44,27.9,30.0,18.8
16/6/2022,13:44,27.9,30.0,18.8
16/6/2022,13:44,27.9,30.0,18.8
16/6/2022,13:45,27.9,30.0,18.7
16/6/2022,13:45,27.9,30.0,18.6
16/6/2022,13:45,27.9,30.0,18.6
16/6/2022,13:45,28.0,30.0,18.6
16/6/2022,13:45,28.0,30.0,18.6
16/6/2022,13:45,28.1,30.0,18.6
16/6/2022,13:46,28.0,30.0,18.6
16/6/2022,13:46,27.8,30.0,18.6
16/6/2022,13:46,27.9,30.0,18.7
16/6/2022,13:46,27.9,30.0,18.7
16/6/2022,13:46,27.9,30.0,18.7
16/6/2022,13:46,27.9,30.0,18.7
16/6/2022,13:47,28.0,30.0,18.7
16/6/2022,13:47,28.1,30.0,18.6
16/6/2022,13:47,28.1,30.0,18.6
16/6/2022,13:47,28.1,30.0,18.6
16/6/2022,13:47,28.1,30.0,18.6
16/6/2022,13:47,28.1,30.0,18.6
16/6/2022,13:48,28.1,30.0,18.6
16/6/2022,13:48,28.1,30.0,18.6
16/6/2022,13:48,28.0,30.0,18.6
16/6/2022,13:48,28.0,30.0,18.6
16/6/2022,13:48,28.1,30.0,18.7
16/6/2022,13:49,28.1,30.0,18.7
16/6/2022,13:49,28.0,30.0,18.6
16/6/2022,13:49,28.0,30.0,18.4
16/6/2022,13:49,27.9,30.0,18.4
16/6/2022,13:49,27.9,30.0,18.3
16/6/2022,13:49,27.9,30.0,18.1
16/6/2022,13:50,27.9,30.0,18.0
16/6/2022,13:50,27.9,30.0,17.8
16/6/2022,13:50,27.9,30.0,17.7
16/6/2022,13:50,27.9,30.0,17.5
16/6/2022,13:50,27.9,30.0,17.7
16/6/2022,13:50,27.8,30.0,17.9
16/6/2022,13:51,27.8,30.0,17.9
16/6/2022,13:51,27.8,30.0,17.7
16/6/2022,13:51,27.8,30.0,17.7
16/6/2022,13:51,27.8,30.0,17.7
16/6/2022,13:51,27.7,30.0,17.8
16/6/2022,13:51,27.8,30.0,17.9
16/6/2022,13:52,27.8,30.0,18.0
16/6/2022,13:52,27.7,30.0,18.0
16/6/2022,13:52,27.7,30.0,18.1
16/6/2022,13:52,27.8,30.0,18.2
16/6/2022,13:52,27.7,30.0,18.3
16/6/2022,13:52,27.8,30.0,18.4
16/6/2022,13:53,27.8,30.0,18.4
16/6/2022,13:53,27.9,30.0,18.4
16/6/2022,13:53,27.9,30.0,18.5
16/6/2022,13:53,27.9,30.0,18.5
16/6/2022,13:53,27.9,30.0,18.5
16/6/2022,13:53,27.8,30.0,18.5
16/6/2022,13:54,27.8,30.0,18.5
16/6/2022,13:54,27.9,30.0,18.6
16/6/2022,13:54,27.9,30.0,18.6
16/6/2022,13:54,27.9,30.0,18.6
16/6/2022,13:54,27.9,30.0,18.7
16/6/2022,13:54,27.9,30.0,18.8
16/6/2022,13:55,27.9,30.0,18.8
16/6/2022,13:55,28.0,30.0,18.7
16/6/2022,13:55,28.0,30.0,18.8
16/6/2022,13:55,28.0,30.0,18.8
16/6/2022,13:55,28.0,30.0,18.7
16/6/2022,13:55,28.1,30.0,18.7
16/6/2022,13:56,27.9,30.0,18.7
16/6/2022,13:56,28.0,30.0,18.4
16/6/2022,13:56,28.0,30.0,18.2
16/6/2022,13:56,28.0,30.0,18.1
16/6/2022,13:56,27.8,30.0,18.1
16/6/2022,13:57,27.9,30.0,17.7
16/6/2022,13:57,27.8,30.0,17.6
16/6/2022,13:57,27.8,30.0,17.5
16/6/2022,13:57,27.8,30.0,17.6
16/6/2022,13:57,27.8,30.0,17.7
16/6/2022,13:57,27.8,30.0,17.8
16/6/2022,13:58,27.8,30.0,17.7
16/6/2022,13:58,27.9,30.0,17.7
16/6/2022,13:58,27.9,30.0,17.8
16/6/2022,13:58,27.9,30.0,17.8
16/6/2022,13:58,27.8,30.0,17.9
16/6/2022,13:58,27.9,30.0,18.1
16/6/2022,13:59,28.0,30.0,18.1
16/6/2022,13:59,28.0,30.0,18.3
16/6/2022,13:59,28.0,30.0,18.4
16/6/2022,13:59,28.0,30.0,18.4
16/6/2022,13:59,28.0,30.0,18.4
16/6/2022,13:59,28.1,30.0,18.5
16/6/2022,14:0,28.0,30.0,18.5
16/6/2022,14:0,28.1,30.0,18.5
16/6/2022,14:0,28.1,30.0,18.6
16/6/2022,14:0,28.2,30.0,18.6
16/6/2022,14:0,28.2,30.0,18.7
16/6/2022,14:0,28.0,30.0,18.7
16/6/2022,14:1,28.0,30.0,18.6
16/6/2022,14:1,28.0,30.0,18.6
16/6/2022,14:1,28.0,30.0,18.6
16/6/2022,14:1,28.0,30.0,18.7
16/6/2022,14:1,28.1,30.0,18.6
16/6/2022,14:1,28.0,30.0,18.6
16/6/2022,14:2,28.0,30.0,18.6
16/6/2022,14:2,28.0,30.0,18.6
16/6/2022,14:2,28.0,30.0,18.7
16/6/2022,14:2,28.1,30.0,18.6
16/6/2022,14:2,28.1,30.0,18.7
16/6/2022,14:2,28.1,30.0,18.6
16/6/2022,14:3,28.1,30.0,18.5
16/6/2022,14:3,28.1,30.0,18.4
16/6/2022,14:3,28.1,30.0,18.2
16/6/2022,14:3,28.1,30.0,18.0
16/6/2022,14:3,28.2,30.0,18.0
16/6/2022,14:3,28.1,30.0,17.9
16/6/2022,14:4,28.2,30.0,17.7
16/6/2022,14:4,28.2,30.0,17.5
16/6/2022,14:4,28.1,30.0,17.5
16/6/2022,14:4,28.0,30.0,17.7
16/6/2022,14:4,28.0,30.0,17.8
16/6/2022,14:5,27.9,30.0,17.8
16/6/2022,14:5,28.0,30.0,17.8
16/6/2022,14:5,27.9,30.0,17.8
16/6/2022,14:5,27.8,30.0,17.9
16/6/2022,14:5,27.8,30.0,18.0
16/6/2022,14:5,27.9,30.0,18.1
16/6/2022,14:6,27.9,30.0,18.1
16/6/2022,14:6,27.8,30.0,18.2
16/6/2022,14:6,27.8,30.0,18.2
16/6/2022,14:6,27.9,30.0,18.3
16/6/2022,14:6,27.9,30.0,18.3
16/6/2022,14:6,28.0,30.0,18.4
16/6/2022,14:7,28.0,30.0,18.4
16/6/2022,14:7,28.0,30.0,18.4
16/6/2022,14:7,27.9,30.0,18.5
16/6/2022,14:7,28.0,30.0,18.4
16/6/2022,14:7,28.0,30.0,18.4
16/6/2022,14:7,28.1,30.0,18.5
16/6/2022,14:8,28.2,30.0,18.5
16/6/2022,14:8,28.1,30.0,18.5
16/6/2022,14:8,28.0,30.0,18.6
16/6/2022,14:8,28.1,30.0,18.6
16/6/2022,14:8,28.0,30.0,18.8
16/6/2022,14:8,28.0,30.0,18.8
16/6/2022,14:9,28.0,30.0,18.7
16/6/2022,14:9,28.1,30.0,18.8
16/6/2022,14:9,28.1,30.0,18.7
16/6/2022,14:9,28.0,30.0,18.8
16/6/2022,14:9,27.9,30.0,18.8
16/6/2022,14:9,28.0,30.0,18.8
16/6/2022,14:10,27.9,30.0,18.8
16/6/2022,14:10,27.9,30.0,18.6
16/6/2022,14:10,28.0,30.0,18.5
16/6/2022,14:10,28.1,30.0,18.2
16/6/2022,14:10,28.0,30.0,18.0
16/6/2022,14:10,28.1,30.0,17.8
16/6/2022,14:11,28.0,30.0,17.7
16/6/2022,14:11,27.9,30.0,17.5
16/6/2022,14:11,27.8,30.0,17.5
16/6/2022,14:11,27.8,30.0,17.8
16/6/2022,14:11,27.9,30.0,18.0
16/6/2022,14:11,27.9,30.0,17.8
16/6/2022,14:12,27.9,30.0,17.8
16/6/2022,14:12,27.8,30.0,17.7
16/6/2022,14:12,27.8,30.0,17.8
16/6/2022,14:12,27.9,30.0,18.0
16/6/2022,14:12,27.9,30.0,18.0
16/6/2022,14:13,27.8,30.0,18.1
16/6/2022,14:13,27.8,30.0,18.3
16/6/2022,14:13,27.8,30.0,18.3
16/6/2022,14:13,28.0,30.0,18.4
16/6/2022,14:13,28.0,30.0,18.4
16/6/2022,14:13,28.0,30.0,18.6
16/6/2022,14:14,28.0,30.0,18.6
16/6/2022,14:14,28.1,30.0,18.6
16/6/2022,14:14,28.0,30.0,18.6
16/6/2022,14:14,28.0,30.0,18.7
16/6/2022,14:14,28.0,30.0,18.7
16/6/2022,14:14,28.0,30.0,18.8
16/6/2022,14:15,28.0,30.0,18.8
16/6/2022,14:15,28.0,30.0,18.9
16/6/2022,14:15,28.0,30.0,19.0
16/6/2022,14:15,28.0,30.0,18.9
16/6/2022,14:15,27.9,30.0,18.8
16/6/2022,14:15,28.0,30.0,18.8
16/6/2022,14:16,28.0,30.0,18.8
16/6/2022,14:16,28.2,30.0,18.8
16/6/2022,14:16,28.1,30.0,18.9
16/6/2022,14:16,28.3,30.0,18.9
16/6/2022,14:16,28.4,30.0,18.9
16/6/2022,14:16,28.3,30.0,18.7
16/6/2022,14:17,28.2,30.0,18.4
16/6/2022,14:17,28.3,30.0,18.2
16/6/2022,14:17,28.3,30.0,18.3
16/6/2022,14:17,28.2,30.0,18.1
16/6/2022,14:17,28.1,30.0,18.0
16/6/2022,14:17,28.1,30.0,17.6
16/6/2022,14:18,28.2,30.0,17.6
16/6/2022,14:18,28.1,30.0,17.6
16/6/2022,14:18,28.1,30.0,17.8
16/6/2022,14:18,28.0,30.0,17.9
16/6/2022,14:18,27.9,30.0,18.0
16/6/2022,14:18,28.0,30.0,18.0
16/6/2022,14:19,27.9,30.0,18.0
16/6/2022,14:19,27.8,30.0,18.2
16/6/2022,14:19,28.0,30.0,18.2
16/6/2022,14:19,28.0,30.0,18.3
16/6/2022,14:19,28.0,30.0,18.3
16/6/2022,14:20,28.1,30.0,18.4
16/6/2022,14:20,28.0,30.0,18.5
16/6/2022,14:20,28.0,30.0,18.5
16/6/2022,14:20,28.0,30.0,18.7
16/6/2022,14:20,28.1,30.0,18.7
16/6/2022,14:20,28.2,30.0,18.8
16/6/2022,14:21,28.2,30.0,18.8
16/6/2022,14:21,28.2,30.0,18.8
16/6/2022,14:21,28.2,30.0,18.9
16/6/2022,14:21,28.3,30.0,18.9
16/6/2022,14:21,28.3,30.0,18.9
16/6/2022,14:21,28.2,30.0,18.9
16/6/2022,14:22,28.2,30.0,18.9
16/6/2022,14:22,28.2,30.0,19.0
16/6/2022,14:22,28.3,30.0,18.9
16/6/2022,14:22,28.2,30.0,18.9
16/6/2022,14:22,28.3,30.0,19.0
16/6/2022,14:22,28.3,30.0,18.9
16/6/2022,14:23,28.3,30.0,18.8
16/6/2022,14:23,28.2,30.0,18.6
16/6/2022,14:23,28.1,30.0,18.4
16/6/2022,14:23,28.1,30.0,18.3
16/6/2022,14:23,28.1,30.0,18.2
16/6/2022,14:23,28.2,30.0,18.1
16/6/2022,14:24,28.2,30.0,17.8
16/6/2022,14:24,28.2,30.0,17.8
16/6/2022,14:24,28.2,30.0,18.0
16/6/2022,14:24,28.0,30.0,18.1
16/6/2022,14:24,28.0,30.0,18.3
16/6/2022,14:24,28.0,30.0,18.0
16/6/2022,14:25,28.1,30.0,17.9
16/6/2022,14:25,28.0,30.0,18.0
16/6/2022,14:25,28.0,30.0,18.1
16/6/2022,14:25,28.0,30.0,18.3
16/6/2022,14:25,28.0,30.0,18.4
16/6/2022,14:26,28.0,30.0,18.6
16/6/2022,14:26,28.0,30.0,18.7
16/6/2022,14:26,28.0,30.0,18.8
16/6/2022,14:26,28.1,30.0,18.8
16/6/2022,14:26,28.2,30.0,18.9
16/6/2022,14:26,28.1,30.0,18.9
16/6/2022,14:27,28.2,30.0,18.9
16/6/2022,14:27,28.1,30.0,18.9
16/6/2022,14:27,28.0,30.0,18.9
16/6/2022,14:27,28.2,30.0,18.9
16/6/2022,14:27,28.2,30.0,18.9
16/6/2022,14:27,28.2,30.0,18.8
16/6/2022,14:28,28.2,30.0,18.8
16/6/2022,14:28,28.4,30.0,18.8
16/6/2022,14:28,28.3,30.0,18.8
16/6/2022,14:28,28.4,30.0,18.7
16/6/2022,14:28,28.4,30.0,18.6
16/6/2022,14:28,28.3,30.0,18.6
16/6/2022,14:29,28.2,30.0,18.4
16/6/2022,14:29,28.2,30.0,18.3
16/6/2022,14:29,28.2,30.0,18.0
16/6/2022,14:29,28.2,30.0,17.8
16/6/2022,14:29,28.2,30.0,17.7
16/6/2022,14:29,28.2,30.0,17.8
16/6/2022,14:30,28.1,30.0,18.0
16/6/2022,14:30,28.2,30.0,18.1
16/6/2022,14:30,28.1,30.0,17.8
16/6/2022,14:30,28.1,30.0,17.8
16/6/2022,14:30,28.1,30.0,17.8
16/6/2022,14:31,28.2,30.0,17.9
16/6/2022,14:31,28.1,30.0,18.0
16/6/2022,14:31,28.2,30.0,18.1
16/6/2022,14:31,28.3,30.0,18.2
16/6/2022,14:31,28.2,30.0,18.3
16/6/2022,14:31,28.2,30.0,18.4
16/6/2022,14:32,28.2,30.0,18.4
16/6/2022,14:32,28.2,30.0,18.5
16/6/2022,14:32,28.2,30.0,18.6
16/6/2022,14:32,28.3,30.0,18.6
16/6/2022,14:32,28.3,30.0,18.8
16/6/2022,14:32,28.3,30.0,18.7
16/6/2022,14:33,28.2,30.0,18.8
16/6/2022,14:33,28.3,30.0,18.8
16/6/2022,14:33,28.4,30.0,18.9
16/6/2022,14:33,28.3,30.0,19.0
16/6/2022,14:33,28.3,30.0,19.0
16/6/2022,14:33,28.2,30.0,19.0
16/6/2022,14:34,28.2,30.0,18.9
16/6/2022,14:34,28.2,30.0,18.9
16/6/2022,14:34,28.1,30.0,18.8
16/6/2022,14:34,28.1,30.0,18.9
16/6/2022,14:34,28.2,30.0,18.7
16/6/2022,14:34,28.2,30.0,18.6
16/6/2022,14:35,28.2,30.0,18.5
16/6/2022,14:35,28.2,30.0,18.4
16/6/2022,14:35,28.3,30.0,18.2
16/6/2022,14:35,28.3,30.0,18.0
16/6/2022,14:35,28.3,30.0,17.8
16/6/2022,14:35,28.3,30.0,18.1
16/6/2022,14:36,28.3,30.0,18.2
16/6/2022,14:36,28.2,30.0,18.0
16/6/2022,14:36,28.2,30.0,17.9
16/6/2022,14:36,28.2,30.0,17.8
16/6/2022,14:36,28.1,30.0,18.0
16/6/2022,14:36,28.0,30.0,17.9
16/6/2022,14:37,28.0,30.0,18.1
16/6/2022,14:37,28.0,30.0,18.1
16/6/2022,14:37,28.0,30.0,18.2
16/6/2022,14:37,28.1,30.0,18.3
16/6/2022,14:37,28.1,30.0,18.4
16/6/2022,14:37,27.9,30.0,18.4
16/6/2022,14:38,28.0,30.0,18.5
16/6/2022,14:38,28.0,30.0,18.5
16/6/2022,14:38,28.0,30.0,18.5
16/6/2022,14:38,28.2,30.0,18.6
16/6/2022,14:38,28.1,30.0,18.6
16/6/2022,14:39,28.1,30.0,18.6
16/6/2022,14:39,28.0,30.0,18.8
16/6/2022,14:39,28.1,30.0,18.8
16/6/2022,14:39,28.1,30.0,18.7
16/6/2022,14:39,28.1,30.0,18.9
16/6/2022,14:39,28.2,30.0,18.8
16/6/2022,14:40,28.1,30.0,18.7
16/6/2022,14:40,28.2,30.0,18.8
16/6/2022,14:40,28.2,30.0,18.8
16/6/2022,14:40,28.3,30.0,18.7
16/6/2022,14:40,28.4,30.0,18.6
16/6/2022,14:40,28.4,30.0,18.4
16/6/2022,14:41,28.3,30.0,18.2
16/6/2022,14:41,28.2,30.0,18.2
16/6/2022,14:41,28.2,30.0,18.0
16/6/2022,14:41,28.3,30.0,17.9
16/6/2022,14:41,28.3,30.0,17.8
16/6/2022,14:41,28.3,30.0,17.7
16/6/2022,14:42,28.3,30.0,17.8
16/6/2022,14:42,28.2,30.0,18.0
16/6/2022,14:42,28.2,30.0,18.0
16/6/2022,14:42,28.2,30.0,17.9
16/6/2022,14:42,28.1,30.0,17.9
16/6/2022,14:42,28.0,30.0,18.0
16/6/2022,14:43,28.0,30.0,18.1
16/6/2022,14:43,28.0,30.0,18.1
16/6/2022,14:43,28.0,30.0,18.2
16/6/2022,14:43,28.0,30.0,18.2
16/6/2022,14:43,28.2,30.0,18.3
16/6/2022,14:43,28.1,30.0,18.3
16/6/2022,14:44,28.2,30.0,18.3
16/6/2022,14:44,28.2,30.0,18.4
16/6/2022,14:44,28.2,30.0,18.5
16/6/2022,14:44,28.3,30.0,18.6
16/6/2022,14:44,28.2,30.0,18.6
16/6/2022,14:44,28.2,30.0,18.5
16/6/2022,14:45,28.2,30.0,18.5
16/6/2022,14:45,28.3,30.0,18.5
16/6/2022,14:45,28.3,30.0,18.5
16/6/2022,14:45,28.3,30.0,18.5
16/6/2022,14:45,28.3,30.0,18.5
16/6/2022,14:45,28.3,30.0,18.6
16/6/2022,14:46,28.2,30.0,18.6
16/6/2022,14:46,28.3,30.0,18.6
16/6/2022,14:46,28.3,30.0,18.6
16/6/2022,14:46,28.4,30.0,18.6
16/6/2022,14:46,28.5,30.0,18.6
16/6/2022,14:47,28.4,30.0,18.6
16/6/2022,14:47,28.3,30.0,18.6
16/6/2022,14:47,28.5,30.0,18.5
16/6/2022,14:47,28.4,30.0,18.3
16/6/2022,14:47,28.4,30.0,18.2
16/6/2022,14:47,28.4,30.0,18.1
16/6/2022,14:48,28.4,30.0,17.9
16/6/2022,14:48,28.3,30.0,17.8
16/6/2022,14:48,28.3,30.0,17.7
16/6/2022,14:48,28.3,30.0,17.6
16/6/2022,14:48,28.2,30.0,17.8
16/6/2022,14:48,28.1,30.0,17.9
16/6/2022,14:49,28.0,30.0,17.9
16/6/2022,14:49,28.0,30.0,18.0
16/6/2022,14:49,28.0,30.0,18.0
16/6/2022,14:49,28.0,30.0,18.0
16/6/2022,14:49,28.0,30.0,18.2
16/6/2022,14:49,28.0,30.0,18.3
16/6/2022,14:50,28.1,30.0,18.4
16/6/2022,14:50,28.1,30.0,18.5
16/6/2022,14:50,28.3,30.0,18.5
16/6/2022,14:50,28.2,30.0,18.7
16/6/2022,14:50,28.0,30.0,18.8
16/6/2022,14:50,28.0,30.0,18.8
16/6/2022,14:51,28.0,30.0,18.8
16/6/2022,14:51,28.1,30.0,18.8
16/6/2022,14:51,28.1,30.0,18.8
16/6/2022,14:51,28.1,30.0,18.9
16/6/2022,14:51,28.2,30.0,18.9
16/6/2022,14:51,28.2,30.0,18.9
16/6/2022,14:52,28.2,30.0,18.9
16/6/2022,14:52,28.2,30.0,18.9
16/6/2022,14:52,28.2,30.0,18.9
16/6/2022,14:52,28.3,30.0,18.9
16/6/2022,14:52,28.4,30.0,18.8
16/6/2022,14:52,28.3,30.0,18.8
16/6/2022,14:53,28.4,30.0,18.8
16/6/2022,14:53,28.5,30.0,18.6
16/6/2022,14:53,28.5,30.0,18.4
16/6/2022,14:53,28.4,30.0,18.3
16/6/2022,14:53,28.4,30.0,17.9
16/6/2022,14:54,28.3,30.0,17.8
16/6/2022,14:54,28.3,30.0,17.7
16/6/2022,14:54,28.3,30.0,17.5
16/6/2022,14:54,28.4,30.0,17.3
16/6/2022,14:54,28.3,30.0,17.9
16/6/2022,14:54,28.3,30.0,17.9
16/6/2022,14:55,28.3,30.0,17.9
16/6/2022,14:55,28.2,30.0,17.9
16/6/2022,14:55,28.3,30.0,18.0
16/6/2022,14:55,28.1,30.0,18.0
16/6/2022,14:55,28.0,30.0,18.2
16/6/2022,14:55,28.1,30.0,18.3
16/6/2022,14:56,28.2,30.0,18.4
16/6/2022,14:56,28.3,30.0,18.5
16/6/2022,14:56,28.3,30.0,18.5
16/6/2022,14:56,28.3,30.0,18.5
16/6/2022,14:56,28.3,30.0,18.6
16/6/2022,14:56,28.4,30.0,18.6
16/6/2022,14:57,28.4,30.0,18.7
16/6/2022,14:57,28.4,30.0,18.7
16/6/2022,14:57,28.4,30.0,18.7
16/6/2022,14:57,28.4,30.0,18.7
16/6/2022,14:57,28.4,30.0,18.8
16/6/2022,14:57,28.4,30.0,18.8
16/6/2022,14:58,28.3,30.0,18.8
16/6/2022,14:58,28.3,30.0,18.8
16/6/2022,14:58,28.4,30.0,18.8
16/6/2022,14:58,28.4,30.0,18.7
16/6/2022,14:58,28.4,30.0,18.8
16/6/2022,14:58,28.5,30.0,18.8
16/6/2022,14:59,28.6,30.0,18.8
16/6/2022,14:59,28.5,30.0,18.8
16/6/2022,14:59,28.5,30.0,18.8
16/6/2022,14:59,28.6,30.0,18.7
16/6/2022,14:59,28.6,30.0,18.4
16/6/2022,14:59,28.5,30.0,18.2
16/6/2022,15:0,28.4,30.0,18.1
16/6/2022,15:0,28.3,30.0,18.0
16/6/2022,15:0,28.2,30.0,17.8
16/6/2022,15:0,28.2,30.0,17.7
16/6/2022,15:0,28.2,30.0,17.7
16/6/2022,15:0,28.1,30.0,17.8
16/6/2022,15:1,28.2,30.0,18.1
16/6/2022,15:1,28.3,30.0,18.1
16/6/2022,15:1,28.2,30.0,18.1
16/6/2022,15:1,28.1,30.0,18.0
16/6/2022,15:1,28.2,30.0,17.9
16/6/2022,15:2,28.2,30.0,17.8
16/6/2022,15:2,28.1,30.0,17.9
16/6/2022,15:2,28.2,30.0,18.0
16/6/2022,15:2,28.2,30.0,18.0
16/6/2022,15:2,28.2,30.0,18.2
16/6/2022,15:2,28.1,30.0,18.3
16/6/2022,15:3,28.1,30.0,18.4
16/6/2022,15:3,28.2,30.0,18.4
16/6/2022,15:3,28.2,30.0,18.6
16/6/2022,15:3,28.4,30.0,18.6
16/6/2022,15:3,28.3,30.0,18.6
16/6/2022,15:3,28.3,30.0,18.7
16/6/2022,15:4,28.3,30.0,18.6
16/6/2022,15:4,28.4,30.0,18.7
16/6/2022,15:4,28.3,30.0,18.7
16/6/2022,15:4,28.4,30.0,18.7
16/6/2022,15:4,28.4,30.0,18.8
16/6/2022,15:4,28.3,30.0,18.8
16/6/2022,15:5,28.4,30.0,18.9
16/6/2022,15:5,28.3,30.0,19.0
16/6/2022,15:5,28.3,30.0,19.0
16/6/2022,15:5,28.3,30.0,19.0
16/6/2022,15:5,28.4,30.0,19.0
16/6/2022,15:5,28.4,30.0,18.9
16/6/2022,15:6,28.4,30.0,18.8
16/6/2022,15:6,28.4,30.0,18.5
16/6/2022,15:6,28.4,30.0,18.4
16/6/2022,15:6,28.3,30.0,18.2
16/6/2022,15:6,28.3,30.0,17.9
16/6/2022,15:6,28.3,30.0,17.8
16/6/2022,15:7,28.4,30.0,17.7
16/6/2022,15:7,28.4,30.0,17.6
16/6/2022,15:7,28.3,30.0,17.7
16/6/2022,15:7,28.3,30.0,17.9
16/6/2022,15:7,28.3,30.0,18.0
16/6/2022,15:7,28.2,30.0,18.0
16/6/2022,15:8,28.1,30.0,18.0
16/6/2022,15:8,28.1,30.0,18.0
16/6/2022,15:8,28.1,30.0,18.1
16/6/2022,15:8,28.2,30.0,18.2
16/6/2022,15:8,28.2,30.0,18.4
16/6/2022,15:8,28.4,30.0,18.5
16/6/2022,15:9,28.4,30.0,18.5
16/6/2022,15:9,28.4,30.0,18.6
16/6/2022,15:9,28.4,30.0,18.6
16/6/2022,15:9,28.5,30.0,18.7
16/6/2022,15:9,28.3,30.0,18.7
16/6/2022,15:10,28.4,30.0,18.8
16/6/2022,15:10,28.4,30.0,18.8
16/6/2022,15:10,28.4,30.0,18.8
16/6/2022,15:10,28.5,30.0,18.8
16/6/2022,15:10,28.4,30.0,18.9
16/6/2022,15:10,28.4,30.0,18.8
16/6/2022,15:11,28.3,30.0,18.7
16/6/2022,15:11,28.3,30.0,18.7
16/6/2022,15:11,28.3,30.0,18.6
16/6/2022,15:11,28.4,30.0,18.6
16/6/2022,15:11,28.4,30.0,18.5
16/6/2022,15:11,28.3,30.0,18.4
16/6/2022,15:12,28.2,30.0,18.3
16/6/2022,15:12,28.2,30.0,18.0
16/6/2022,15:12,28.1,30.0,17.8
16/6/2022,15:12,28.2,30.0,17.5
16/6/2022,15:12,28.2,30.0,17.4
16/6/2022,15:12,28.1,30.0,17.8
16/6/2022,15:13,28.3,30.0,17.9
16/6/2022,15:13,28.3,30.0,18.0
16/6/2022,15:13,28.3,30.0,18.0
16/6/2022,15:13,28.4,30.0,17.9
16/6/2022,15:13,28.3,30.0,18.0
16/6/2022,15:13,28.4,30.0,18.1
16/6/2022,15:14,28.3,30.0,18.0
16/6/2022,15:14,28.3,30.0,18.2
16/6/2022,15:14,28.4,30.0,18.2
16/6/2022,15:14,28.4,30.0,18.2
16/6/2022,15:14,28.3,30.0,18.3
16/6/2022,15:14,28.4,30.0,18.4
16/6/2022,15:15,28.3,30.0,18.5
16/6/2022,15:15,28.3,30.0,18.5
16/6/2022,15:15,28.3,30.0,18.6
16/6/2022,15:15,28.3,30.0,18.6
16/6/2022,15:15,28.4,30.0,18.7
16/6/2022,15:15,28.4,30.0,18.7
16/6/2022,15:16,28.4,30.0,18.8
16/6/2022,15:16,28.4,30.0,18.8
16/6/2022,15:16,28.4,30.0,18.7
16/6/2022,15:16,28.3,30.0,18.8
16/6/2022,15:16,28.4,30.0,18.9
16/6/2022,15:17,28.5,30.0,18.8
16/6/2022,15:17,28.4,30.0,18.8
16/6/2022,15:17,28.4,30.0,18.7
16/6/2022,15:17,28.6,30.0,18.7
